date,service,daily_cost_usd
2016-09-04,AWS_EKS_Kubernetes,187.45
2016-09-04,AWS_RDS_Database,118.03
2016-09-05,AWS_EKS_Kubernetes,209.87
2016-09-05,AWS_RDS_Database,86.24
2016-09-06,AWS_EKS_Kubernetes,155.81
2016-09-06,AWS_RDS_Database,114.65
2016-09-07,AWS_EKS_Kubernetes,1434.66
2016-09-07,AWS_RDS_Database,80.82
2016-09-08,AWS_EKS_Kubernetes,171.23
2016-09-08,AWS_RDS_Database,87.27
2016-09-09,AWS_EKS_Kubernetes,180.42
2016-09-09,AWS_RDS_Database,100.99
2016-09-10,AWS_EKS_Kubernetes,179.12
2016-09-10,AWS_RDS_Database,104.47
2016-09-11,AWS_EKS_Kubernetes,179.21
2016-09-11,AWS_RDS_Database,94.65
2016-09-12,AWS_EKS_Kubernetes,228.52
2016-09-12,AWS_RDS_Database,87.99
2016-09-13,AWS_EKS_Kubernetes,209.24
2016-09-13,AWS_RDS_Database,81.86
2016-09-14,AWS_EKS_Kubernetes,167.05
2016-09-14,AWS_RDS_Database,82.6
2016-09-15,AWS_EKS_Kubernetes,246.56
2016-09-15,AWS_RDS_Database,112.34
2016-09-16,AWS_EKS_Kubernetes,159.77
2016-09-16,AWS_RDS_Database,107.37
2016-09-17,AWS_EKS_Kubernetes,162.2
2016-09-17,AWS_RDS_Database,99.81
2016-09-18,AWS_EKS_Kubernetes,240.93
2016-09-18,AWS_RDS_Database,90.35
2016-09-19,AWS_EKS_Kubernetes,181.17
2016-09-19,AWS_RDS_Database,100.8
2016-09-20,AWS_EKS_Kubernetes,168.49
2016-09-20,AWS_RDS_Database,118.78
2016-09-21,AWS_EKS_Kubernetes,243.95
2016-09-21,AWS_RDS_Database,115.79
2016-09-22,AWS_EKS_Kubernetes,242.19
2016-09-22,AWS_RDS_Database,83.54
2016-09-23,AWS_EKS_Kubernetes,154.52
2016-09-23,AWS_RDS_Database,93.01
2016-09-24,AWS_EKS_Kubernetes,177.13
2016-09-24,AWS_RDS_Database,113.15
2016-09-25,AWS_EKS_Kubernetes,178.09
2016-09-25,AWS_RDS_Database,101.71
2016-09-26,AWS_EKS_Kubernetes,1454.24
2016-09-26,AWS_RDS_Database,82.98
2016-09-27,AWS_EKS_Kubernetes,169.87
2016-09-27,AWS_RDS_Database,80.22
2016-09-28,AWS_EKS_Kubernetes,220.69
2016-09-28,AWS_RDS_Database,109.16
2016-09-29,AWS_EKS_Kubernetes,157.4
2016-09-29,AWS_RDS_Database,94.34
2016-09-30,AWS_EKS_Kubernetes,236.31
2016-09-30,AWS_RDS_Database,104.93
2016-10-01,AWS_EKS_Kubernetes,156.36
2016-10-01,AWS_RDS_Database,92.44
2016-10-02,AWS_EKS_Kubernetes,222.96
2016-10-02,AWS_RDS_Database,105.5
2016-10-03,AWS_EKS_Kubernetes,197.22
2016-10-03,AWS_RDS_Database,84.78
2016-10-04,AWS_EKS_Kubernetes,226.08
2016-10-04,AWS_RDS_Database,102.45
2016-10-05,AWS_EKS_Kubernetes,199.38
2016-10-05,AWS_RDS_Database,100.91
2016-10-06,AWS_EKS_Kubernetes,152.54
2016-10-06,AWS_RDS_Database,84.32
2016-10-07,AWS_EKS_Kubernetes,213.64
2016-10-07,AWS_RDS_Database,92.57
2016-10-08,AWS_EKS_Kubernetes,240.76
2016-10-08,AWS_RDS_Database,89.97
2016-10-09,AWS_EKS_Kubernetes,225.56
2016-10-09,AWS_RDS_Database,89.15
2016-10-10,AWS_EKS_Kubernetes,178.98
2016-10-10,AWS_RDS_Database,86.45
2016-10-11,AWS_EKS_Kubernetes,230.81
2016-10-11,AWS_RDS_Database,105.34
2016-10-12,AWS_EKS_Kubernetes,230.37
2016-10-12,AWS_RDS_Database,87.46
2016-10-13,AWS_EKS_Kubernetes,203.93
2016-10-13,AWS_RDS_Database,112.3
2016-10-14,AWS_EKS_Kubernetes,181.8
2016-10-14,AWS_RDS_Database,84.4
2016-10-15,AWS_EKS_Kubernetes,192.71
2016-10-15,AWS_RDS_Database,112.72
2016-10-16,AWS_EKS_Kubernetes,150.7
2016-10-16,AWS_RDS_Database,100.43
2016-10-17,AWS_EKS_Kubernetes,172.21
2016-10-17,AWS_RDS_Database,84.79
2016-10-18,AWS_EKS_Kubernetes,244.29
2016-10-18,AWS_RDS_Database,92.93
2016-10-19,AWS_EKS_Kubernetes,1517.29
2016-10-19,AWS_RDS_Database,94.55
2016-10-20,AWS_EKS_Kubernetes,175.18
2016-10-20,AWS_RDS_Database,99.89
2016-10-21,AWS_EKS_Kubernetes,178.48
2016-10-21,AWS_RDS_Database,81.48
2016-10-22,AWS_EKS_Kubernetes,200.27
2016-10-22,AWS_RDS_Database,82.06
2016-10-23,AWS_EKS_Kubernetes,240.83
2016-10-23,AWS_RDS_Database,89.58
2016-10-24,AWS_EKS_Kubernetes,198.95
2016-10-24,AWS_RDS_Database,119.43
2016-10-25,AWS_EKS_Kubernetes,217.21
2016-10-25,AWS_RDS_Database,110.46
2016-10-26,AWS_EKS_Kubernetes,222.82
2016-10-26,AWS_RDS_Database,94.71
2016-10-27,AWS_EKS_Kubernetes,213.35
2016-10-27,AWS_RDS_Database,101.43
2016-10-28,AWS_EKS_Kubernetes,233.53
2016-10-28,AWS_RDS_Database,92.83
2016-10-29,AWS_EKS_Kubernetes,154.08
2016-10-29,AWS_RDS_Database,103.64
2016-10-30,AWS_EKS_Kubernetes,151.66
2016-10-30,AWS_RDS_Database,100.48
2016-10-31,AWS_EKS_Kubernetes,214.52
2016-10-31,AWS_RDS_Database,86.97
2016-11-01,AWS_EKS_Kubernetes,188.67
2016-11-01,AWS_RDS_Database,117.47
2016-11-02,AWS_EKS_Kubernetes,184.11
2016-11-02,AWS_RDS_Database,84.54
2016-11-03,AWS_EKS_Kubernetes,237.73
2016-11-03,AWS_RDS_Database,90.32
2016-11-04,AWS_EKS_Kubernetes,231.72
2016-11-04,AWS_RDS_Database,102.21
2016-11-05,AWS_EKS_Kubernetes,174.19
2016-11-05,AWS_RDS_Database,83.72
2016-11-06,AWS_EKS_Kubernetes,240.04
2016-11-06,AWS_RDS_Database,105.32
2016-11-07,AWS_EKS_Kubernetes,184.92
2016-11-07,AWS_RDS_Database,109.04
2016-11-08,AWS_EKS_Kubernetes,238.71
2016-11-08,AWS_RDS_Database,111.2
2016-11-09,AWS_EKS_Kubernetes,158.41
2016-11-09,AWS_RDS_Database,86.47
2016-11-10,AWS_EKS_Kubernetes,210.64
2016-11-10,AWS_RDS_Database,80.37
2016-11-11,AWS_EKS_Kubernetes,216.35
2016-11-11,AWS_RDS_Database,80.2
2016-11-12,AWS_EKS_Kubernetes,204.87
2016-11-12,AWS_RDS_Database,107.68
2016-11-13,AWS_EKS_Kubernetes,172.43
2016-11-13,AWS_RDS_Database,108.49
2016-11-14,AWS_EKS_Kubernetes,182.54
2016-11-14,AWS_RDS_Database,109.86
2016-11-15,AWS_EKS_Kubernetes,234.92
2016-11-15,AWS_RDS_Database,106.3
2016-11-16,AWS_EKS_Kubernetes,159.37
2016-11-16,AWS_RDS_Database,94.71
2016-11-17,AWS_EKS_Kubernetes,174.4
2016-11-17,AWS_RDS_Database,118.92
2016-11-18,AWS_EKS_Kubernetes,239.2
2016-11-18,AWS_RDS_Database,105.25
2016-11-19,AWS_EKS_Kubernetes,200.26
2016-11-19,AWS_RDS_Database,103.08
2016-11-20,AWS_EKS_Kubernetes,169.52
2016-11-20,AWS_RDS_Database,108.9
2016-11-21,AWS_EKS_Kubernetes,152.43
2016-11-21,AWS_RDS_Database,105.82
2016-11-22,AWS_EKS_Kubernetes,244.05
2016-11-22,AWS_RDS_Database,118.16
2016-11-23,AWS_EKS_Kubernetes,187.02
2016-11-23,AWS_RDS_Database,80.62
2016-11-24,AWS_EKS_Kubernetes,1264.7
2016-11-24,AWS_RDS_Database,118.67
2016-11-25,AWS_EKS_Kubernetes,179.44
2016-11-25,AWS_RDS_Database,95.4
2016-11-26,AWS_EKS_Kubernetes,181.69
2016-11-26,AWS_RDS_Database,86.78
2016-11-27,AWS_EKS_Kubernetes,243.62
2016-11-27,AWS_RDS_Database,107.84
2016-11-28,AWS_EKS_Kubernetes,705.99
2016-11-28,AWS_RDS_Database,104.6
2016-11-29,AWS_EKS_Kubernetes,201.83
2016-11-29,AWS_RDS_Database,115.09
2016-11-30,AWS_EKS_Kubernetes,219.7
2016-11-30,AWS_RDS_Database,108.1
2016-12-01,AWS_EKS_Kubernetes,179.36
2016-12-01,AWS_RDS_Database,112.37
2016-12-02,AWS_EKS_Kubernetes,236.71
2016-12-02,AWS_RDS_Database,116.53
2016-12-03,AWS_EKS_Kubernetes,200.15
2016-12-03,AWS_RDS_Database,111.93
2016-12-04,AWS_EKS_Kubernetes,220.2
2016-12-04,AWS_RDS_Database,111.83
2016-12-05,AWS_EKS_Kubernetes,183.8
2016-12-05,AWS_RDS_Database,95.02
2016-12-06,AWS_EKS_Kubernetes,207.83
2016-12-06,AWS_RDS_Database,81.44
2016-12-07,AWS_EKS_Kubernetes,204.26
2016-12-07,AWS_RDS_Database,91.46
2016-12-08,AWS_EKS_Kubernetes,153.05
2016-12-08,AWS_RDS_Database,81.49
2016-12-09,AWS_EKS_Kubernetes,186.02
2016-12-09,AWS_RDS_Database,85.08
2016-12-10,AWS_EKS_Kubernetes,227.0
2016-12-10,AWS_RDS_Database,88.63
2016-12-11,AWS_EKS_Kubernetes,158.53
2016-12-11,AWS_RDS_Database,82.07
2016-12-12,AWS_EKS_Kubernetes,204.06
2016-12-12,AWS_RDS_Database,105.5
2016-12-13,AWS_EKS_Kubernetes,247.59
2016-12-13,AWS_RDS_Database,100.65
2016-12-14,AWS_EKS_Kubernetes,229.52
2016-12-14,AWS_RDS_Database,90.83
2016-12-15,AWS_EKS_Kubernetes,1027.25
2016-12-15,AWS_RDS_Database,81.01
2016-12-16,AWS_EKS_Kubernetes,219.6
2016-12-16,AWS_RDS_Database,96.36
2016-12-17,AWS_EKS_Kubernetes,165.64
2016-12-17,AWS_RDS_Database,90.01
2016-12-18,AWS_EKS_Kubernetes,221.46
2016-12-18,AWS_RDS_Database,106.41
2016-12-19,AWS_EKS_Kubernetes,245.49
2016-12-19,AWS_RDS_Database,109.52
2016-12-20,AWS_EKS_Kubernetes,211.17
2016-12-20,AWS_RDS_Database,96.78
2016-12-21,AWS_EKS_Kubernetes,185.6
2016-12-21,AWS_RDS_Database,110.31
2016-12-22,AWS_EKS_Kubernetes,161.61
2016-12-22,AWS_RDS_Database,81.84
2016-12-23,AWS_EKS_Kubernetes,235.55
2016-12-23,AWS_RDS_Database,108.15
2016-12-24,AWS_EKS_Kubernetes,159.78
2016-12-24,AWS_RDS_Database,99.66
2016-12-25,AWS_EKS_Kubernetes,167.32
2016-12-25,AWS_RDS_Database,97.35
2016-12-26,AWS_EKS_Kubernetes,211.59
2016-12-26,AWS_RDS_Database,105.4
2016-12-27,AWS_EKS_Kubernetes,187.46
2016-12-27,AWS_RDS_Database,105.03
2016-12-28,AWS_EKS_Kubernetes,235.65
2016-12-28,AWS_RDS_Database,106.35
2016-12-29,AWS_EKS_Kubernetes,157.06
2016-12-29,AWS_RDS_Database,105.7
2016-12-30,AWS_EKS_Kubernetes,208.58
2016-12-30,AWS_RDS_Database,117.61
2016-12-31,AWS_EKS_Kubernetes,188.82
2016-12-31,AWS_RDS_Database,105.73
2017-01-01,AWS_EKS_Kubernetes,204.56
2017-01-01,AWS_RDS_Database,117.66
2017-01-02,AWS_EKS_Kubernetes,246.12
2017-01-02,AWS_RDS_Database,116.21
2017-01-03,AWS_EKS_Kubernetes,156.94
2017-01-03,AWS_RDS_Database,84.03
2017-01-04,AWS_EKS_Kubernetes,159.44
2017-01-04,AWS_RDS_Database,107.32
2017-01-05,AWS_EKS_Kubernetes,181.9
2017-01-05,AWS_RDS_Database,113.8
2017-01-06,AWS_EKS_Kubernetes,231.45
2017-01-06,AWS_RDS_Database,91.27
2017-01-07,AWS_EKS_Kubernetes,219.67
2017-01-07,AWS_RDS_Database,105.16
2017-01-08,AWS_EKS_Kubernetes,223.51
2017-01-08,AWS_RDS_Database,112.14
2017-01-09,AWS_EKS_Kubernetes,167.74
2017-01-09,AWS_RDS_Database,110.02
2017-01-10,AWS_EKS_Kubernetes,249.05
2017-01-10,AWS_RDS_Database,96.5
2017-01-11,AWS_EKS_Kubernetes,227.64
2017-01-11,AWS_RDS_Database,93.63
2017-01-12,AWS_EKS_Kubernetes,235.84
2017-01-12,AWS_RDS_Database,97.16
2017-01-13,AWS_EKS_Kubernetes,225.45
2017-01-13,AWS_RDS_Database,84.12
2017-01-14,AWS_EKS_Kubernetes,200.53
2017-01-14,AWS_RDS_Database,113.06
2017-01-15,AWS_EKS_Kubernetes,239.55
2017-01-15,AWS_RDS_Database,95.57
2017-01-16,AWS_EKS_Kubernetes,240.54
2017-01-16,AWS_RDS_Database,83.65
2017-01-17,AWS_EKS_Kubernetes,245.01
2017-01-17,AWS_RDS_Database,118.02
2017-01-18,AWS_EKS_Kubernetes,213.18
2017-01-18,AWS_RDS_Database,97.94
2017-01-19,AWS_EKS_Kubernetes,182.87
2017-01-19,AWS_RDS_Database,106.9
2017-01-20,AWS_EKS_Kubernetes,229.16
2017-01-20,AWS_RDS_Database,111.58
2017-01-21,AWS_EKS_Kubernetes,199.44
2017-01-21,AWS_RDS_Database,82.3
2017-01-22,AWS_EKS_Kubernetes,194.15
2017-01-22,AWS_RDS_Database,115.51
2017-01-23,AWS_EKS_Kubernetes,161.71
2017-01-23,AWS_RDS_Database,85.72
2017-01-24,AWS_EKS_Kubernetes,211.82
2017-01-24,AWS_RDS_Database,84.04
2017-01-25,AWS_EKS_Kubernetes,220.1
2017-01-25,AWS_RDS_Database,82.91
2017-01-26,AWS_EKS_Kubernetes,220.62
2017-01-26,AWS_RDS_Database,83.25
2017-01-27,AWS_EKS_Kubernetes,248.66
2017-01-27,AWS_RDS_Database,94.97
2017-01-28,AWS_EKS_Kubernetes,1447.84
2017-01-28,AWS_RDS_Database,117.89
2017-01-29,AWS_EKS_Kubernetes,187.63
2017-01-29,AWS_RDS_Database,83.34
2017-01-30,AWS_EKS_Kubernetes,205.84
2017-01-30,AWS_RDS_Database,96.97
2017-01-31,AWS_EKS_Kubernetes,161.12
2017-01-31,AWS_RDS_Database,99.71
2017-02-01,AWS_EKS_Kubernetes,196.87
2017-02-01,AWS_RDS_Database,82.25
2017-02-02,AWS_EKS_Kubernetes,161.75
2017-02-02,AWS_RDS_Database,105.97
2017-02-03,AWS_EKS_Kubernetes,208.34
2017-02-03,AWS_RDS_Database,118.49
2017-02-04,AWS_EKS_Kubernetes,178.57
2017-02-04,AWS_RDS_Database,114.74
2017-02-05,AWS_EKS_Kubernetes,1017.18
2017-02-05,AWS_RDS_Database,80.49
2017-02-06,AWS_EKS_Kubernetes,1009.39
2017-02-06,AWS_RDS_Database,101.11
2017-02-07,AWS_EKS_Kubernetes,205.39
2017-02-07,AWS_RDS_Database,118.77
2017-02-08,AWS_EKS_Kubernetes,212.94
2017-02-08,AWS_RDS_Database,107.83
2017-02-09,AWS_EKS_Kubernetes,212.76
2017-02-09,AWS_RDS_Database,103.37
2017-02-10,AWS_EKS_Kubernetes,1030.94
2017-02-10,AWS_RDS_Database,91.24
2017-02-11,AWS_EKS_Kubernetes,195.57
2017-02-11,AWS_RDS_Database,104.81
2017-02-12,AWS_EKS_Kubernetes,168.81
2017-02-12,AWS_RDS_Database,98.55
2017-02-13,AWS_EKS_Kubernetes,1449.94
2017-02-13,AWS_RDS_Database,83.11
2017-02-14,AWS_EKS_Kubernetes,219.82
2017-02-14,AWS_RDS_Database,101.44
2017-02-15,AWS_EKS_Kubernetes,231.38
2017-02-15,AWS_RDS_Database,107.39
2017-02-16,AWS_EKS_Kubernetes,241.09
2017-02-16,AWS_RDS_Database,112.9
2017-02-17,AWS_EKS_Kubernetes,222.57
2017-02-17,AWS_RDS_Database,104.54
2017-02-18,AWS_EKS_Kubernetes,243.27
2017-02-18,AWS_RDS_Database,114.64
2017-02-19,AWS_EKS_Kubernetes,152.64
2017-02-19,AWS_RDS_Database,95.06
2017-02-20,AWS_EKS_Kubernetes,248.73
2017-02-20,AWS_RDS_Database,86.02
2017-02-21,AWS_EKS_Kubernetes,188.09
2017-02-21,AWS_RDS_Database,118.8
2017-02-22,AWS_EKS_Kubernetes,233.83
2017-02-22,AWS_RDS_Database,98.75
2017-02-23,AWS_EKS_Kubernetes,177.34
2017-02-23,AWS_RDS_Database,82.26
2017-02-24,AWS_EKS_Kubernetes,1310.56
2017-02-24,AWS_RDS_Database,119.99
2017-02-25,AWS_EKS_Kubernetes,226.9
2017-02-25,AWS_RDS_Database,117.79
2017-02-26,AWS_EKS_Kubernetes,174.73
2017-02-26,AWS_RDS_Database,98.02
2017-02-27,AWS_EKS_Kubernetes,245.41
2017-02-27,AWS_RDS_Database,104.25
2017-02-28,AWS_EKS_Kubernetes,217.17
2017-02-28,AWS_RDS_Database,104.73
2017-03-01,AWS_EKS_Kubernetes,161.36
2017-03-01,AWS_RDS_Database,106.86
2017-03-02,AWS_EKS_Kubernetes,227.23
2017-03-02,AWS_RDS_Database,100.81
2017-03-03,AWS_EKS_Kubernetes,205.19
2017-03-03,AWS_RDS_Database,102.44
2017-03-04,AWS_EKS_Kubernetes,190.35
2017-03-04,AWS_RDS_Database,85.36
2017-03-05,AWS_EKS_Kubernetes,225.51
2017-03-05,AWS_RDS_Database,104.81
2017-03-06,AWS_EKS_Kubernetes,171.3
2017-03-06,AWS_RDS_Database,85.45
2017-03-07,AWS_EKS_Kubernetes,185.06
2017-03-07,AWS_RDS_Database,103.6
2017-03-08,AWS_EKS_Kubernetes,193.75
2017-03-08,AWS_RDS_Database,116.17
2017-03-09,AWS_EKS_Kubernetes,201.4
2017-03-09,AWS_RDS_Database,111.35
2017-03-10,AWS_EKS_Kubernetes,212.21
2017-03-10,AWS_RDS_Database,114.49
2017-03-11,AWS_EKS_Kubernetes,164.71
2017-03-11,AWS_RDS_Database,117.06
2017-03-12,AWS_EKS_Kubernetes,963.14
2017-03-12,AWS_RDS_Database,98.37
2017-03-13,AWS_EKS_Kubernetes,182.88
2017-03-13,AWS_RDS_Database,105.34
2017-03-14,AWS_EKS_Kubernetes,157.59
2017-03-14,AWS_RDS_Database,85.16
2017-03-15,AWS_EKS_Kubernetes,165.19
2017-03-15,AWS_RDS_Database,85.55
2017-03-16,AWS_EKS_Kubernetes,168.19
2017-03-16,AWS_RDS_Database,93.83
2017-03-17,AWS_EKS_Kubernetes,197.4
2017-03-17,AWS_RDS_Database,106.7
2017-03-18,AWS_EKS_Kubernetes,169.23
2017-03-18,AWS_RDS_Database,81.63
2017-03-19,AWS_EKS_Kubernetes,177.86
2017-03-19,AWS_RDS_Database,87.08
2017-03-20,AWS_EKS_Kubernetes,162.06
2017-03-20,AWS_RDS_Database,98.43
2017-03-21,AWS_EKS_Kubernetes,186.43
2017-03-21,AWS_RDS_Database,100.14
2017-03-22,AWS_EKS_Kubernetes,153.93
2017-03-22,AWS_RDS_Database,111.98
2017-03-23,AWS_EKS_Kubernetes,158.18
2017-03-23,AWS_RDS_Database,114.94
2017-03-24,AWS_EKS_Kubernetes,156.11
2017-03-24,AWS_RDS_Database,91.08
2017-03-25,AWS_EKS_Kubernetes,224.83
2017-03-25,AWS_RDS_Database,87.38
2017-03-26,AWS_EKS_Kubernetes,187.05
2017-03-26,AWS_RDS_Database,99.38
2017-03-27,AWS_EKS_Kubernetes,186.89
2017-03-27,AWS_RDS_Database,98.5
2017-03-28,AWS_EKS_Kubernetes,153.67
2017-03-28,AWS_RDS_Database,90.1
2017-03-29,AWS_EKS_Kubernetes,239.52
2017-03-29,AWS_RDS_Database,100.47
2017-03-30,AWS_EKS_Kubernetes,160.72
2017-03-30,AWS_RDS_Database,97.9
2017-03-31,AWS_EKS_Kubernetes,174.25
2017-03-31,AWS_RDS_Database,90.77
2017-04-01,AWS_EKS_Kubernetes,152.01
2017-04-01,AWS_RDS_Database,92.88
2017-04-02,AWS_EKS_Kubernetes,182.75
2017-04-02,AWS_RDS_Database,84.79
2017-04-03,AWS_EKS_Kubernetes,209.36
2017-04-03,AWS_RDS_Database,107.16
2017-04-04,AWS_EKS_Kubernetes,199.84
2017-04-04,AWS_RDS_Database,83.48
2017-04-05,AWS_EKS_Kubernetes,208.68
2017-04-05,AWS_RDS_Database,109.82
2017-04-06,AWS_EKS_Kubernetes,162.76
2017-04-06,AWS_RDS_Database,91.35
2017-04-07,AWS_EKS_Kubernetes,214.59
2017-04-07,AWS_RDS_Database,102.83
2017-04-08,AWS_EKS_Kubernetes,248.65
2017-04-08,AWS_RDS_Database,104.23
2017-04-09,AWS_EKS_Kubernetes,160.18
2017-04-09,AWS_RDS_Database,86.11
2017-04-10,AWS_EKS_Kubernetes,166.07
2017-04-10,AWS_RDS_Database,87.46
2017-04-11,AWS_EKS_Kubernetes,167.34
2017-04-11,AWS_RDS_Database,115.87
2017-04-12,AWS_EKS_Kubernetes,877.85
2017-04-12,AWS_RDS_Database,96.42
2017-04-13,AWS_EKS_Kubernetes,189.79
2017-04-13,AWS_RDS_Database,118.78
2017-04-14,AWS_EKS_Kubernetes,231.71
2017-04-14,AWS_RDS_Database,90.32
2017-04-15,AWS_EKS_Kubernetes,216.86
2017-04-15,AWS_RDS_Database,117.18
2017-04-16,AWS_EKS_Kubernetes,207.16
2017-04-16,AWS_RDS_Database,91.2
2017-04-17,AWS_EKS_Kubernetes,168.7
2017-04-17,AWS_RDS_Database,92.95
2017-04-18,AWS_EKS_Kubernetes,200.76
2017-04-18,AWS_RDS_Database,89.7
2017-04-19,AWS_EKS_Kubernetes,211.06
2017-04-19,AWS_RDS_Database,91.55
2017-04-20,AWS_EKS_Kubernetes,165.44
2017-04-20,AWS_RDS_Database,99.25
2017-04-21,AWS_EKS_Kubernetes,155.18
2017-04-21,AWS_RDS_Database,93.46
2017-04-22,AWS_EKS_Kubernetes,156.34
2017-04-22,AWS_RDS_Database,119.6
2017-04-23,AWS_EKS_Kubernetes,230.99
2017-04-23,AWS_RDS_Database,90.19
2017-04-24,AWS_EKS_Kubernetes,226.02
2017-04-24,AWS_RDS_Database,103.83
2017-04-25,AWS_EKS_Kubernetes,191.18
2017-04-25,AWS_RDS_Database,93.95
2017-04-26,AWS_EKS_Kubernetes,233.06
2017-04-26,AWS_RDS_Database,118.6
2017-04-27,AWS_EKS_Kubernetes,223.09
2017-04-27,AWS_RDS_Database,117.53
2017-04-28,AWS_EKS_Kubernetes,156.65
2017-04-28,AWS_RDS_Database,109.64
2017-04-29,AWS_EKS_Kubernetes,234.18
2017-04-29,AWS_RDS_Database,85.59
2017-04-30,AWS_EKS_Kubernetes,170.16
2017-04-30,AWS_RDS_Database,86.55
2017-05-01,AWS_EKS_Kubernetes,231.46
2017-05-01,AWS_RDS_Database,106.61
2017-05-02,AWS_EKS_Kubernetes,185.88
2017-05-02,AWS_RDS_Database,115.09
2017-05-03,AWS_EKS_Kubernetes,231.66
2017-05-03,AWS_RDS_Database,97.57
2017-05-04,AWS_EKS_Kubernetes,196.27
2017-05-04,AWS_RDS_Database,92.06
2017-05-05,AWS_EKS_Kubernetes,200.27
2017-05-05,AWS_RDS_Database,89.29
2017-05-06,AWS_EKS_Kubernetes,188.39
2017-05-06,AWS_RDS_Database,101.74
2017-05-07,AWS_EKS_Kubernetes,212.42
2017-05-07,AWS_RDS_Database,84.68
2017-05-08,AWS_EKS_Kubernetes,212.77
2017-05-08,AWS_RDS_Database,93.4
2017-05-09,AWS_EKS_Kubernetes,229.4
2017-05-09,AWS_RDS_Database,104.8
2017-05-10,AWS_EKS_Kubernetes,239.39
2017-05-10,AWS_RDS_Database,111.54
2017-05-11,AWS_EKS_Kubernetes,181.17
2017-05-11,AWS_RDS_Database,89.94
2017-05-12,AWS_EKS_Kubernetes,153.35
2017-05-12,AWS_RDS_Database,102.8
2017-05-13,AWS_EKS_Kubernetes,237.68
2017-05-13,AWS_RDS_Database,93.68
2017-05-14,AWS_EKS_Kubernetes,161.06
2017-05-14,AWS_RDS_Database,113.86
2017-05-15,AWS_EKS_Kubernetes,189.73
2017-05-15,AWS_RDS_Database,111.89
2017-05-16,AWS_EKS_Kubernetes,172.93
2017-05-16,AWS_RDS_Database,108.89
2017-05-17,AWS_EKS_Kubernetes,214.11
2017-05-17,AWS_RDS_Database,107.76
2017-05-18,AWS_EKS_Kubernetes,175.18
2017-05-18,AWS_RDS_Database,93.83
2017-05-19,AWS_EKS_Kubernetes,240.85
2017-05-19,AWS_RDS_Database,103.34
2017-05-20,AWS_EKS_Kubernetes,196.2
2017-05-20,AWS_RDS_Database,117.89
2017-05-21,AWS_EKS_Kubernetes,208.62
2017-05-21,AWS_RDS_Database,100.24
2017-05-22,AWS_EKS_Kubernetes,151.81
2017-05-22,AWS_RDS_Database,114.88
2017-05-23,AWS_EKS_Kubernetes,206.51
2017-05-23,AWS_RDS_Database,107.87
2017-05-24,AWS_EKS_Kubernetes,220.72
2017-05-24,AWS_RDS_Database,86.1
2017-05-25,AWS_EKS_Kubernetes,210.67
2017-05-25,AWS_RDS_Database,96.97
2017-05-26,AWS_EKS_Kubernetes,243.44
2017-05-26,AWS_RDS_Database,117.02
2017-05-27,AWS_EKS_Kubernetes,161.32
2017-05-27,AWS_RDS_Database,119.39
2017-05-28,AWS_EKS_Kubernetes,162.47
2017-05-28,AWS_RDS_Database,116.83
2017-05-29,AWS_EKS_Kubernetes,201.88
2017-05-29,AWS_RDS_Database,103.65
2017-05-30,AWS_EKS_Kubernetes,155.48
2017-05-30,AWS_RDS_Database,93.41
2017-05-31,AWS_EKS_Kubernetes,150.46
2017-05-31,AWS_RDS_Database,93.34
2017-06-01,AWS_EKS_Kubernetes,203.74
2017-06-01,AWS_RDS_Database,116.79
2017-06-02,AWS_EKS_Kubernetes,184.7
2017-06-02,AWS_RDS_Database,109.5
2017-06-03,AWS_EKS_Kubernetes,172.46
2017-06-03,AWS_RDS_Database,98.1
2017-06-04,AWS_EKS_Kubernetes,167.64
2017-06-04,AWS_RDS_Database,99.93
2017-06-05,AWS_EKS_Kubernetes,241.48
2017-06-05,AWS_RDS_Database,94.5
2017-06-06,AWS_EKS_Kubernetes,213.23
2017-06-06,AWS_RDS_Database,80.52
2017-06-07,AWS_EKS_Kubernetes,167.8
2017-06-07,AWS_RDS_Database,118.44
2017-06-08,AWS_EKS_Kubernetes,1054.3
2017-06-08,AWS_RDS_Database,83.41
2017-06-09,AWS_EKS_Kubernetes,209.54
2017-06-09,AWS_RDS_Database,82.68
2017-06-10,AWS_EKS_Kubernetes,170.99
2017-06-10,AWS_RDS_Database,115.92
2017-06-11,AWS_EKS_Kubernetes,169.07
2017-06-11,AWS_RDS_Database,81.46
2017-06-12,AWS_EKS_Kubernetes,206.48
2017-06-12,AWS_RDS_Database,82.63
2017-06-13,AWS_EKS_Kubernetes,195.33
2017-06-13,AWS_RDS_Database,100.98
2017-06-14,AWS_EKS_Kubernetes,190.08
2017-06-14,AWS_RDS_Database,102.39
2017-06-15,AWS_EKS_Kubernetes,168.19
2017-06-15,AWS_RDS_Database,114.47
2017-06-16,AWS_EKS_Kubernetes,187.33
2017-06-16,AWS_RDS_Database,90.83
2017-06-17,AWS_EKS_Kubernetes,190.87
2017-06-17,AWS_RDS_Database,81.02
2017-06-18,AWS_EKS_Kubernetes,221.6
2017-06-18,AWS_RDS_Database,106.36
2017-06-19,AWS_EKS_Kubernetes,172.2
2017-06-19,AWS_RDS_Database,89.24
2017-06-20,AWS_EKS_Kubernetes,151.97
2017-06-20,AWS_RDS_Database,84.16
2017-06-21,AWS_EKS_Kubernetes,167.85
2017-06-21,AWS_RDS_Database,106.11
2017-06-22,AWS_EKS_Kubernetes,159.94
2017-06-22,AWS_RDS_Database,89.73
2017-06-23,AWS_EKS_Kubernetes,235.57
2017-06-23,AWS_RDS_Database,113.21
2017-06-24,AWS_EKS_Kubernetes,216.81
2017-06-24,AWS_RDS_Database,88.2
2017-06-25,AWS_EKS_Kubernetes,239.63
2017-06-25,AWS_RDS_Database,80.52
2017-06-26,AWS_EKS_Kubernetes,170.79
2017-06-26,AWS_RDS_Database,81.06
2017-06-27,AWS_EKS_Kubernetes,208.3
2017-06-27,AWS_RDS_Database,96.86
2017-06-28,AWS_EKS_Kubernetes,231.74
2017-06-28,AWS_RDS_Database,93.67
2017-06-29,AWS_EKS_Kubernetes,187.97
2017-06-29,AWS_RDS_Database,103.61
2017-06-30,AWS_EKS_Kubernetes,212.41
2017-06-30,AWS_RDS_Database,96.38
2017-07-01,AWS_EKS_Kubernetes,193.61
2017-07-01,AWS_RDS_Database,91.78
2017-07-02,AWS_EKS_Kubernetes,226.36
2017-07-02,AWS_RDS_Database,85.6
2017-07-03,AWS_EKS_Kubernetes,198.74
2017-07-03,AWS_RDS_Database,115.78
2017-07-04,AWS_EKS_Kubernetes,192.52
2017-07-04,AWS_RDS_Database,80.9
2017-07-05,AWS_EKS_Kubernetes,204.16
2017-07-05,AWS_RDS_Database,105.34
2017-07-06,AWS_EKS_Kubernetes,914.28
2017-07-06,AWS_RDS_Database,113.4
2017-07-07,AWS_EKS_Kubernetes,167.17
2017-07-07,AWS_RDS_Database,90.89
2017-07-08,AWS_EKS_Kubernetes,241.43
2017-07-08,AWS_RDS_Database,84.71
2017-07-09,AWS_EKS_Kubernetes,177.41
2017-07-09,AWS_RDS_Database,102.17
2017-07-10,AWS_EKS_Kubernetes,232.97
2017-07-10,AWS_RDS_Database,88.26
2017-07-11,AWS_EKS_Kubernetes,163.69
2017-07-11,AWS_RDS_Database,116.0
2017-07-12,AWS_EKS_Kubernetes,209.74
2017-07-12,AWS_RDS_Database,104.02
2017-07-13,AWS_EKS_Kubernetes,167.54
2017-07-13,AWS_RDS_Database,116.58
2017-07-14,AWS_EKS_Kubernetes,188.31
2017-07-14,AWS_RDS_Database,100.76
2017-07-15,AWS_EKS_Kubernetes,166.63
2017-07-15,AWS_RDS_Database,109.52
2017-07-16,AWS_EKS_Kubernetes,210.32
2017-07-16,AWS_RDS_Database,89.81
2017-07-17,AWS_EKS_Kubernetes,178.87
2017-07-17,AWS_RDS_Database,94.23
2017-07-18,AWS_EKS_Kubernetes,179.71
2017-07-18,AWS_RDS_Database,102.66
2017-07-19,AWS_EKS_Kubernetes,216.37
2017-07-19,AWS_RDS_Database,117.47
2017-07-20,AWS_EKS_Kubernetes,171.49
2017-07-20,AWS_RDS_Database,81.25
2017-07-21,AWS_EKS_Kubernetes,209.51
2017-07-21,AWS_RDS_Database,82.06
2017-07-22,AWS_EKS_Kubernetes,209.68
2017-07-22,AWS_RDS_Database,93.37
2017-07-23,AWS_EKS_Kubernetes,160.66
2017-07-23,AWS_RDS_Database,83.01
2017-07-24,AWS_EKS_Kubernetes,199.55
2017-07-24,AWS_RDS_Database,107.54
2017-07-25,AWS_EKS_Kubernetes,174.64
2017-07-25,AWS_RDS_Database,112.76
2017-07-26,AWS_EKS_Kubernetes,219.47
2017-07-26,AWS_RDS_Database,90.89
2017-07-27,AWS_EKS_Kubernetes,186.1
2017-07-27,AWS_RDS_Database,83.66
2017-07-28,AWS_EKS_Kubernetes,163.68
2017-07-28,AWS_RDS_Database,118.01
2017-07-29,AWS_EKS_Kubernetes,168.51
2017-07-29,AWS_RDS_Database,101.68
2017-07-30,AWS_EKS_Kubernetes,223.22
2017-07-30,AWS_RDS_Database,112.26
2017-07-31,AWS_EKS_Kubernetes,219.23
2017-07-31,AWS_RDS_Database,113.97
2017-08-01,AWS_EKS_Kubernetes,1359.21
2017-08-01,AWS_RDS_Database,88.85
2017-08-02,AWS_EKS_Kubernetes,153.94
2017-08-02,AWS_RDS_Database,108.22
2017-08-03,AWS_EKS_Kubernetes,168.06
2017-08-03,AWS_RDS_Database,102.72
2017-08-04,AWS_EKS_Kubernetes,153.39
2017-08-04,AWS_RDS_Database,107.9
2017-08-05,AWS_EKS_Kubernetes,242.44
2017-08-05,AWS_RDS_Database,118.84
2017-08-06,AWS_EKS_Kubernetes,197.42
2017-08-06,AWS_RDS_Database,114.48
2017-08-07,AWS_EKS_Kubernetes,181.91
2017-08-07,AWS_RDS_Database,113.16
2017-08-08,AWS_EKS_Kubernetes,209.63
2017-08-08,AWS_RDS_Database,89.2
2017-08-09,AWS_EKS_Kubernetes,157.7
2017-08-09,AWS_RDS_Database,107.85
2017-08-10,AWS_EKS_Kubernetes,222.48
2017-08-10,AWS_RDS_Database,82.61
2017-08-11,AWS_EKS_Kubernetes,203.95
2017-08-11,AWS_RDS_Database,111.63
2017-08-12,AWS_EKS_Kubernetes,212.59
2017-08-12,AWS_RDS_Database,115.44
2017-08-13,AWS_EKS_Kubernetes,173.3
2017-08-13,AWS_RDS_Database,80.98
2017-08-14,AWS_EKS_Kubernetes,152.13
2017-08-14,AWS_RDS_Database,114.99
2017-08-15,AWS_EKS_Kubernetes,1232.25
2017-08-15,AWS_RDS_Database,111.95
2017-08-16,AWS_EKS_Kubernetes,226.72
2017-08-16,AWS_RDS_Database,96.08
2017-08-17,AWS_EKS_Kubernetes,1341.35
2017-08-17,AWS_RDS_Database,114.95
2017-08-18,AWS_EKS_Kubernetes,191.78
2017-08-18,AWS_RDS_Database,96.85
2017-08-19,AWS_EKS_Kubernetes,173.88
2017-08-19,AWS_RDS_Database,84.42
2017-08-20,AWS_EKS_Kubernetes,178.72
2017-08-20,AWS_RDS_Database,91.85
2017-08-21,AWS_EKS_Kubernetes,814.74
2017-08-21,AWS_RDS_Database,80.71
2017-08-22,AWS_EKS_Kubernetes,188.43
2017-08-22,AWS_RDS_Database,107.19
2017-08-23,AWS_EKS_Kubernetes,245.0
2017-08-23,AWS_RDS_Database,111.45
2017-08-24,AWS_EKS_Kubernetes,191.76
2017-08-24,AWS_RDS_Database,115.16
2017-08-25,AWS_EKS_Kubernetes,196.74
2017-08-25,AWS_RDS_Database,104.54
2017-08-26,AWS_EKS_Kubernetes,249.12
2017-08-26,AWS_RDS_Database,89.27
2017-08-27,AWS_EKS_Kubernetes,214.96
2017-08-27,AWS_RDS_Database,104.31
2017-08-28,AWS_EKS_Kubernetes,173.07
2017-08-28,AWS_RDS_Database,87.06
2017-08-29,AWS_EKS_Kubernetes,168.64
2017-08-29,AWS_RDS_Database,111.18
2017-08-30,AWS_EKS_Kubernetes,155.78
2017-08-30,AWS_RDS_Database,118.76
2017-08-31,AWS_EKS_Kubernetes,242.78
2017-08-31,AWS_RDS_Database,119.8
2017-09-01,AWS_EKS_Kubernetes,189.62
2017-09-01,AWS_RDS_Database,110.33
2017-09-02,AWS_EKS_Kubernetes,165.39
2017-09-02,AWS_RDS_Database,112.63
2017-09-03,AWS_EKS_Kubernetes,172.38
2017-09-03,AWS_RDS_Database,101.48
2017-09-04,AWS_EKS_Kubernetes,208.01
2017-09-04,AWS_RDS_Database,83.66
2017-09-05,AWS_EKS_Kubernetes,176.56
2017-09-05,AWS_RDS_Database,85.18
2017-09-06,AWS_EKS_Kubernetes,245.57
2017-09-06,AWS_RDS_Database,114.49
2017-09-07,AWS_EKS_Kubernetes,215.52
2017-09-07,AWS_RDS_Database,102.03
2017-09-08,AWS_EKS_Kubernetes,190.85
2017-09-08,AWS_RDS_Database,94.91
2017-09-09,AWS_EKS_Kubernetes,222.34
2017-09-09,AWS_RDS_Database,99.84
2017-09-10,AWS_EKS_Kubernetes,172.02
2017-09-10,AWS_RDS_Database,107.33
2017-09-11,AWS_EKS_Kubernetes,235.12
2017-09-11,AWS_RDS_Database,99.81
2017-09-12,AWS_EKS_Kubernetes,209.24
2017-09-12,AWS_RDS_Database,112.99
2017-09-13,AWS_EKS_Kubernetes,217.8
2017-09-13,AWS_RDS_Database,102.63
2017-09-14,AWS_EKS_Kubernetes,237.86
2017-09-14,AWS_RDS_Database,111.9
2017-09-15,AWS_EKS_Kubernetes,235.06
2017-09-15,AWS_RDS_Database,114.69
2017-09-16,AWS_EKS_Kubernetes,233.7
2017-09-16,AWS_RDS_Database,107.9
2017-09-17,AWS_EKS_Kubernetes,211.86
2017-09-17,AWS_RDS_Database,110.11
2017-09-18,AWS_EKS_Kubernetes,238.09
2017-09-18,AWS_RDS_Database,114.87
2017-09-19,AWS_EKS_Kubernetes,232.58
2017-09-19,AWS_RDS_Database,85.15
2017-09-20,AWS_EKS_Kubernetes,224.35
2017-09-20,AWS_RDS_Database,86.43
2017-09-21,AWS_EKS_Kubernetes,233.21
2017-09-21,AWS_RDS_Database,100.3
2017-09-22,AWS_EKS_Kubernetes,1053.54
2017-09-22,AWS_RDS_Database,104.68
2017-09-23,AWS_EKS_Kubernetes,175.98
2017-09-23,AWS_RDS_Database,105.36
2017-09-24,AWS_EKS_Kubernetes,227.98
2017-09-24,AWS_RDS_Database,84.28
2017-09-25,AWS_EKS_Kubernetes,204.13
2017-09-25,AWS_RDS_Database,118.52
2017-09-26,AWS_EKS_Kubernetes,213.26
2017-09-26,AWS_RDS_Database,117.28
2017-09-27,AWS_EKS_Kubernetes,243.72
2017-09-27,AWS_RDS_Database,107.52
2017-09-28,AWS_EKS_Kubernetes,180.1
2017-09-28,AWS_RDS_Database,108.33
2017-09-29,AWS_EKS_Kubernetes,208.22
2017-09-29,AWS_RDS_Database,93.84
2017-09-30,AWS_EKS_Kubernetes,1067.59
2017-09-30,AWS_RDS_Database,114.86
2017-10-01,AWS_EKS_Kubernetes,224.97
2017-10-01,AWS_RDS_Database,85.2
2017-10-02,AWS_EKS_Kubernetes,152.46
2017-10-02,AWS_RDS_Database,80.88
2017-10-03,AWS_EKS_Kubernetes,198.86
2017-10-03,AWS_RDS_Database,110.82
2017-10-04,AWS_EKS_Kubernetes,1027.15
2017-10-04,AWS_RDS_Database,90.95
2017-10-05,AWS_EKS_Kubernetes,195.14
2017-10-05,AWS_RDS_Database,86.54
2017-10-06,AWS_EKS_Kubernetes,219.37
2017-10-06,AWS_RDS_Database,88.83
2017-10-07,AWS_EKS_Kubernetes,218.05
2017-10-07,AWS_RDS_Database,106.18
2017-10-08,AWS_EKS_Kubernetes,245.09
2017-10-08,AWS_RDS_Database,86.04
2017-10-09,AWS_EKS_Kubernetes,244.36
2017-10-09,AWS_RDS_Database,96.79
2017-10-10,AWS_EKS_Kubernetes,992.06
2017-10-10,AWS_RDS_Database,90.97
2017-10-11,AWS_EKS_Kubernetes,239.41
2017-10-11,AWS_RDS_Database,89.2
2017-10-12,AWS_EKS_Kubernetes,153.11
2017-10-12,AWS_RDS_Database,106.07
2017-10-13,AWS_EKS_Kubernetes,1077.34
2017-10-13,AWS_RDS_Database,98.93
2017-10-14,AWS_EKS_Kubernetes,236.86
2017-10-14,AWS_RDS_Database,111.06
2017-10-15,AWS_EKS_Kubernetes,234.48
2017-10-15,AWS_RDS_Database,110.44
2017-10-16,AWS_EKS_Kubernetes,163.12
2017-10-16,AWS_RDS_Database,81.3
2017-10-17,AWS_EKS_Kubernetes,211.67
2017-10-17,AWS_RDS_Database,111.86
2017-10-18,AWS_EKS_Kubernetes,161.73
2017-10-18,AWS_RDS_Database,85.01
2017-10-19,AWS_EKS_Kubernetes,193.03
2017-10-19,AWS_RDS_Database,88.02
2017-10-20,AWS_EKS_Kubernetes,156.42
2017-10-20,AWS_RDS_Database,103.28
2017-10-21,AWS_EKS_Kubernetes,229.76
2017-10-21,AWS_RDS_Database,92.41
2017-10-22,AWS_EKS_Kubernetes,151.16
2017-10-22,AWS_RDS_Database,82.9
2017-10-23,AWS_EKS_Kubernetes,197.99
2017-10-23,AWS_RDS_Database,104.0
2017-10-24,AWS_EKS_Kubernetes,219.5
2017-10-24,AWS_RDS_Database,114.4
2017-10-25,AWS_EKS_Kubernetes,153.96
2017-10-25,AWS_RDS_Database,99.22
2017-10-26,AWS_EKS_Kubernetes,174.2
2017-10-26,AWS_RDS_Database,119.47
2017-10-27,AWS_EKS_Kubernetes,199.89
2017-10-27,AWS_RDS_Database,104.73
2017-10-28,AWS_EKS_Kubernetes,205.96
2017-10-28,AWS_RDS_Database,80.39
2017-10-29,AWS_EKS_Kubernetes,201.77
2017-10-29,AWS_RDS_Database,83.51
2017-10-30,AWS_EKS_Kubernetes,153.32
2017-10-30,AWS_RDS_Database,83.14
2017-10-31,AWS_EKS_Kubernetes,163.27
2017-10-31,AWS_RDS_Database,102.7
2017-11-01,AWS_EKS_Kubernetes,230.06
2017-11-01,AWS_RDS_Database,88.01
2017-11-02,AWS_EKS_Kubernetes,160.46
2017-11-02,AWS_RDS_Database,105.46
2017-11-03,AWS_EKS_Kubernetes,153.16
2017-11-03,AWS_RDS_Database,117.45
2017-11-04,AWS_EKS_Kubernetes,204.13
2017-11-04,AWS_RDS_Database,108.36
2017-11-05,AWS_EKS_Kubernetes,221.41
2017-11-05,AWS_RDS_Database,112.07
2017-11-06,AWS_EKS_Kubernetes,231.48
2017-11-06,AWS_RDS_Database,83.2
2017-11-07,AWS_EKS_Kubernetes,204.76
2017-11-07,AWS_RDS_Database,112.69
2017-11-08,AWS_EKS_Kubernetes,214.36
2017-11-08,AWS_RDS_Database,101.06
2017-11-09,AWS_EKS_Kubernetes,158.16
2017-11-09,AWS_RDS_Database,82.41
2017-11-10,AWS_EKS_Kubernetes,165.95
2017-11-10,AWS_RDS_Database,114.87
2017-11-11,AWS_EKS_Kubernetes,247.59
2017-11-11,AWS_RDS_Database,93.48
2017-11-12,AWS_EKS_Kubernetes,228.97
2017-11-12,AWS_RDS_Database,106.35
2017-11-13,AWS_EKS_Kubernetes,205.54
2017-11-13,AWS_RDS_Database,108.77
2017-11-14,AWS_EKS_Kubernetes,249.63
2017-11-14,AWS_RDS_Database,118.99
2017-11-15,AWS_EKS_Kubernetes,169.95
2017-11-15,AWS_RDS_Database,107.21
2017-11-16,AWS_EKS_Kubernetes,153.07
2017-11-16,AWS_RDS_Database,90.31
2017-11-17,AWS_EKS_Kubernetes,236.83
2017-11-17,AWS_RDS_Database,109.09
2017-11-18,AWS_EKS_Kubernetes,192.55
2017-11-18,AWS_RDS_Database,93.84
2017-11-19,AWS_EKS_Kubernetes,248.76
2017-11-19,AWS_RDS_Database,81.6
2017-11-20,AWS_EKS_Kubernetes,207.87
2017-11-20,AWS_RDS_Database,97.54
2017-11-21,AWS_EKS_Kubernetes,198.67
2017-11-21,AWS_RDS_Database,114.94
2017-11-22,AWS_EKS_Kubernetes,192.17
2017-11-22,AWS_RDS_Database,91.07
2017-11-23,AWS_EKS_Kubernetes,241.24
2017-11-23,AWS_RDS_Database,88.43
2017-11-24,AWS_EKS_Kubernetes,213.16
2017-11-24,AWS_RDS_Database,109.32
2017-11-25,AWS_EKS_Kubernetes,221.58
2017-11-25,AWS_RDS_Database,116.36
2017-11-26,AWS_EKS_Kubernetes,173.75
2017-11-26,AWS_RDS_Database,118.86
2017-11-27,AWS_EKS_Kubernetes,235.44
2017-11-27,AWS_RDS_Database,99.69
2017-11-28,AWS_EKS_Kubernetes,237.07
2017-11-28,AWS_RDS_Database,97.81
2017-11-29,AWS_EKS_Kubernetes,185.92
2017-11-29,AWS_RDS_Database,103.72
2017-11-30,AWS_EKS_Kubernetes,189.11
2017-11-30,AWS_RDS_Database,118.78
2017-12-01,AWS_EKS_Kubernetes,215.67
2017-12-01,AWS_RDS_Database,93.01
2017-12-02,AWS_EKS_Kubernetes,163.09
2017-12-02,AWS_RDS_Database,118.79
2017-12-03,AWS_EKS_Kubernetes,173.61
2017-12-03,AWS_RDS_Database,82.94
2017-12-04,AWS_EKS_Kubernetes,201.98
2017-12-04,AWS_RDS_Database,93.48
2017-12-05,AWS_EKS_Kubernetes,193.09
2017-12-05,AWS_RDS_Database,89.95
2017-12-06,AWS_EKS_Kubernetes,220.68
2017-12-06,AWS_RDS_Database,86.68
2017-12-07,AWS_EKS_Kubernetes,153.67
2017-12-07,AWS_RDS_Database,109.46
2017-12-08,AWS_EKS_Kubernetes,197.46
2017-12-08,AWS_RDS_Database,113.77
2017-12-09,AWS_EKS_Kubernetes,208.54
2017-12-09,AWS_RDS_Database,114.73
2017-12-10,AWS_EKS_Kubernetes,161.19
2017-12-10,AWS_RDS_Database,90.79
2017-12-11,AWS_EKS_Kubernetes,203.12
2017-12-11,AWS_RDS_Database,117.46
2017-12-12,AWS_EKS_Kubernetes,162.21
2017-12-12,AWS_RDS_Database,98.09
2017-12-13,AWS_EKS_Kubernetes,181.62
2017-12-13,AWS_RDS_Database,100.29
2017-12-14,AWS_EKS_Kubernetes,661.78
2017-12-14,AWS_RDS_Database,119.47
2017-12-15,AWS_EKS_Kubernetes,245.18
2017-12-15,AWS_RDS_Database,105.56
2017-12-16,AWS_EKS_Kubernetes,195.47
2017-12-16,AWS_RDS_Database,100.62
2017-12-17,AWS_EKS_Kubernetes,216.69
2017-12-17,AWS_RDS_Database,85.59
2017-12-18,AWS_EKS_Kubernetes,180.79
2017-12-18,AWS_RDS_Database,108.19
2017-12-19,AWS_EKS_Kubernetes,217.34
2017-12-19,AWS_RDS_Database,118.8
2017-12-20,AWS_EKS_Kubernetes,217.26
2017-12-20,AWS_RDS_Database,97.75
2017-12-21,AWS_EKS_Kubernetes,167.71
2017-12-21,AWS_RDS_Database,107.71
2017-12-22,AWS_EKS_Kubernetes,244.46
2017-12-22,AWS_RDS_Database,107.33
2017-12-23,AWS_EKS_Kubernetes,211.78
2017-12-23,AWS_RDS_Database,114.76
2017-12-24,AWS_EKS_Kubernetes,153.04
2017-12-24,AWS_RDS_Database,117.24
2017-12-25,AWS_EKS_Kubernetes,217.65
2017-12-25,AWS_RDS_Database,88.63
2017-12-26,AWS_EKS_Kubernetes,189.39
2017-12-26,AWS_RDS_Database,106.05
2017-12-27,AWS_EKS_Kubernetes,215.78
2017-12-27,AWS_RDS_Database,119.98
2017-12-28,AWS_EKS_Kubernetes,247.72
2017-12-28,AWS_RDS_Database,96.28
2017-12-29,AWS_EKS_Kubernetes,228.24
2017-12-29,AWS_RDS_Database,102.68
2017-12-30,AWS_EKS_Kubernetes,237.85
2017-12-30,AWS_RDS_Database,96.17
2017-12-31,AWS_EKS_Kubernetes,216.76
2017-12-31,AWS_RDS_Database,112.31
2018-01-01,AWS_EKS_Kubernetes,229.78
2018-01-01,AWS_RDS_Database,97.42
2018-01-02,AWS_EKS_Kubernetes,162.02
2018-01-02,AWS_RDS_Database,101.78
2018-01-03,AWS_EKS_Kubernetes,182.46
2018-01-03,AWS_RDS_Database,94.66
2018-01-04,AWS_EKS_Kubernetes,219.55
2018-01-04,AWS_RDS_Database,95.54
2018-01-05,AWS_EKS_Kubernetes,173.75
2018-01-05,AWS_RDS_Database,94.93
2018-01-06,AWS_EKS_Kubernetes,157.32
2018-01-06,AWS_RDS_Database,104.14
2018-01-07,AWS_EKS_Kubernetes,211.95
2018-01-07,AWS_RDS_Database,98.54
2018-01-08,AWS_EKS_Kubernetes,236.33
2018-01-08,AWS_RDS_Database,100.76
2018-01-09,AWS_EKS_Kubernetes,152.56
2018-01-09,AWS_RDS_Database,93.65
2018-01-10,AWS_EKS_Kubernetes,189.88
2018-01-10,AWS_RDS_Database,103.21
2018-01-11,AWS_EKS_Kubernetes,210.79
2018-01-11,AWS_RDS_Database,110.6
2018-01-12,AWS_EKS_Kubernetes,221.81
2018-01-12,AWS_RDS_Database,118.22
2018-01-13,AWS_EKS_Kubernetes,169.58
2018-01-13,AWS_RDS_Database,80.3
2018-01-14,AWS_EKS_Kubernetes,239.8
2018-01-14,AWS_RDS_Database,89.74
2018-01-15,AWS_EKS_Kubernetes,156.03
2018-01-15,AWS_RDS_Database,117.38
2018-01-16,AWS_EKS_Kubernetes,160.14
2018-01-16,AWS_RDS_Database,99.43
2018-01-17,AWS_EKS_Kubernetes,178.49
2018-01-17,AWS_RDS_Database,92.29
2018-01-18,AWS_EKS_Kubernetes,203.92
2018-01-18,AWS_RDS_Database,92.45
2018-01-19,AWS_EKS_Kubernetes,221.62
2018-01-19,AWS_RDS_Database,90.9
2018-01-20,AWS_EKS_Kubernetes,162.19
2018-01-20,AWS_RDS_Database,87.25
2018-01-21,AWS_EKS_Kubernetes,168.14
2018-01-21,AWS_RDS_Database,101.01
2018-01-22,AWS_EKS_Kubernetes,160.69
2018-01-22,AWS_RDS_Database,102.69
2018-01-23,AWS_EKS_Kubernetes,246.29
2018-01-23,AWS_RDS_Database,99.34
2018-01-24,AWS_EKS_Kubernetes,205.02
2018-01-24,AWS_RDS_Database,81.74
2018-01-25,AWS_EKS_Kubernetes,245.14
2018-01-25,AWS_RDS_Database,104.06
2018-01-26,AWS_EKS_Kubernetes,238.42
2018-01-26,AWS_RDS_Database,89.12
2018-01-27,AWS_EKS_Kubernetes,211.1
2018-01-27,AWS_RDS_Database,96.44
2018-01-28,AWS_EKS_Kubernetes,240.0
2018-01-28,AWS_RDS_Database,94.14
2018-01-29,AWS_EKS_Kubernetes,228.05
2018-01-29,AWS_RDS_Database,90.99
2018-01-30,AWS_EKS_Kubernetes,192.37
2018-01-30,AWS_RDS_Database,106.7
2018-01-31,AWS_EKS_Kubernetes,212.39
2018-01-31,AWS_RDS_Database,98.07
2018-02-01,AWS_EKS_Kubernetes,166.8
2018-02-01,AWS_RDS_Database,109.47
2018-02-02,AWS_EKS_Kubernetes,171.67
2018-02-02,AWS_RDS_Database,83.83
2018-02-03,AWS_EKS_Kubernetes,214.2
2018-02-03,AWS_RDS_Database,104.28
2018-02-04,AWS_EKS_Kubernetes,173.19
2018-02-04,AWS_RDS_Database,95.64
2018-02-05,AWS_EKS_Kubernetes,199.68
2018-02-05,AWS_RDS_Database,119.51
2018-02-06,AWS_EKS_Kubernetes,219.51
2018-02-06,AWS_RDS_Database,96.17
2018-02-07,AWS_EKS_Kubernetes,972.46
2018-02-07,AWS_RDS_Database,107.7
2018-02-08,AWS_EKS_Kubernetes,160.41
2018-02-08,AWS_RDS_Database,108.97
2018-02-09,AWS_EKS_Kubernetes,177.42
2018-02-09,AWS_RDS_Database,83.18
2018-02-10,AWS_EKS_Kubernetes,239.42
2018-02-10,AWS_RDS_Database,87.67
2018-02-11,AWS_EKS_Kubernetes,172.67
2018-02-11,AWS_RDS_Database,94.2
2018-02-12,AWS_EKS_Kubernetes,201.91
2018-02-12,AWS_RDS_Database,82.7
2018-02-13,AWS_EKS_Kubernetes,173.37
2018-02-13,AWS_RDS_Database,101.6
2018-02-14,AWS_EKS_Kubernetes,215.09
2018-02-14,AWS_RDS_Database,101.32
2018-02-15,AWS_EKS_Kubernetes,1097.15
2018-02-15,AWS_RDS_Database,106.78
2018-02-16,AWS_EKS_Kubernetes,205.78
2018-02-16,AWS_RDS_Database,109.23
2018-02-17,AWS_EKS_Kubernetes,706.11
2018-02-17,AWS_RDS_Database,102.49
2018-02-18,AWS_EKS_Kubernetes,219.0
2018-02-18,AWS_RDS_Database,88.04
2018-02-19,AWS_EKS_Kubernetes,159.67
2018-02-19,AWS_RDS_Database,98.01
2018-02-20,AWS_EKS_Kubernetes,184.76
2018-02-20,AWS_RDS_Database,106.6
2018-02-21,AWS_EKS_Kubernetes,242.72
2018-02-21,AWS_RDS_Database,89.39
2018-02-22,AWS_EKS_Kubernetes,165.24
2018-02-22,AWS_RDS_Database,119.7
2018-02-23,AWS_EKS_Kubernetes,204.0
2018-02-23,AWS_RDS_Database,113.68
2018-02-24,AWS_EKS_Kubernetes,212.36
2018-02-24,AWS_RDS_Database,83.56
2018-02-25,AWS_EKS_Kubernetes,162.77
2018-02-25,AWS_RDS_Database,113.04
2018-02-26,AWS_EKS_Kubernetes,220.87
2018-02-26,AWS_RDS_Database,81.45
2018-02-27,AWS_EKS_Kubernetes,176.31
2018-02-27,AWS_RDS_Database,94.41
2018-02-28,AWS_EKS_Kubernetes,243.7
2018-02-28,AWS_RDS_Database,102.15
2018-03-01,AWS_EKS_Kubernetes,189.7
2018-03-01,AWS_RDS_Database,97.89
2018-03-02,AWS_EKS_Kubernetes,201.57
2018-03-02,AWS_RDS_Database,116.78
2018-03-03,AWS_EKS_Kubernetes,249.22
2018-03-03,AWS_RDS_Database,114.06
2018-03-04,AWS_EKS_Kubernetes,243.06
2018-03-04,AWS_RDS_Database,84.65
2018-03-05,AWS_EKS_Kubernetes,188.06
2018-03-05,AWS_RDS_Database,115.12
2018-03-06,AWS_EKS_Kubernetes,230.59
2018-03-06,AWS_RDS_Database,111.6
2018-03-07,AWS_EKS_Kubernetes,158.09
2018-03-07,AWS_RDS_Database,96.12
2018-03-08,AWS_EKS_Kubernetes,1300.05
2018-03-08,AWS_RDS_Database,93.84
2018-03-09,AWS_EKS_Kubernetes,232.25
2018-03-09,AWS_RDS_Database,85.3
2018-03-10,AWS_EKS_Kubernetes,242.28
2018-03-10,AWS_RDS_Database,99.48
2018-03-11,AWS_EKS_Kubernetes,226.48
2018-03-11,AWS_RDS_Database,86.99
2018-03-12,AWS_EKS_Kubernetes,189.87
2018-03-12,AWS_RDS_Database,85.85
2018-03-13,AWS_EKS_Kubernetes,156.82
2018-03-13,AWS_RDS_Database,81.03
2018-03-14,AWS_EKS_Kubernetes,1304.83
2018-03-14,AWS_RDS_Database,101.98
2018-03-15,AWS_EKS_Kubernetes,181.18
2018-03-15,AWS_RDS_Database,100.25
2018-03-16,AWS_EKS_Kubernetes,160.57
2018-03-16,AWS_RDS_Database,105.63
2018-03-17,AWS_EKS_Kubernetes,211.96
2018-03-17,AWS_RDS_Database,106.01
2018-03-18,AWS_EKS_Kubernetes,156.13
2018-03-18,AWS_RDS_Database,111.23
2018-03-19,AWS_EKS_Kubernetes,155.82
2018-03-19,AWS_RDS_Database,119.79
2018-03-20,AWS_EKS_Kubernetes,219.5
2018-03-20,AWS_RDS_Database,119.35
2018-03-21,AWS_EKS_Kubernetes,164.22
2018-03-21,AWS_RDS_Database,84.86
2018-03-22,AWS_EKS_Kubernetes,160.1
2018-03-22,AWS_RDS_Database,107.69
2018-03-23,AWS_EKS_Kubernetes,200.94
2018-03-23,AWS_RDS_Database,119.87
2018-03-24,AWS_EKS_Kubernetes,211.52
2018-03-24,AWS_RDS_Database,92.25
2018-03-25,AWS_EKS_Kubernetes,202.7
2018-03-25,AWS_RDS_Database,97.04
2018-03-26,AWS_EKS_Kubernetes,238.66
2018-03-26,AWS_RDS_Database,97.99
2018-03-27,AWS_EKS_Kubernetes,186.78
2018-03-27,AWS_RDS_Database,96.57
2018-03-28,AWS_EKS_Kubernetes,223.36
2018-03-28,AWS_RDS_Database,110.77
2018-03-29,AWS_EKS_Kubernetes,191.62
2018-03-29,AWS_RDS_Database,99.25
2018-03-30,AWS_EKS_Kubernetes,175.98
2018-03-30,AWS_RDS_Database,110.41
2018-03-31,AWS_EKS_Kubernetes,203.53
2018-03-31,AWS_RDS_Database,88.61
2018-04-01,AWS_EKS_Kubernetes,174.12
2018-04-01,AWS_RDS_Database,119.03
2018-04-02,AWS_EKS_Kubernetes,245.96
2018-04-02,AWS_RDS_Database,99.51
2018-04-03,AWS_EKS_Kubernetes,204.8
2018-04-03,AWS_RDS_Database,98.18
2018-04-04,AWS_EKS_Kubernetes,159.81
2018-04-04,AWS_RDS_Database,99.53
2018-04-05,AWS_EKS_Kubernetes,182.47
2018-04-05,AWS_RDS_Database,109.49
2018-04-06,AWS_EKS_Kubernetes,187.59
2018-04-06,AWS_RDS_Database,95.78
2018-04-07,AWS_EKS_Kubernetes,1453.43
2018-04-07,AWS_RDS_Database,115.68
2018-04-08,AWS_EKS_Kubernetes,181.54
2018-04-08,AWS_RDS_Database,107.53
2018-04-09,AWS_EKS_Kubernetes,175.47
2018-04-09,AWS_RDS_Database,113.63
2018-04-10,AWS_EKS_Kubernetes,240.18
2018-04-10,AWS_RDS_Database,98.46
2018-04-11,AWS_EKS_Kubernetes,215.94
2018-04-11,AWS_RDS_Database,115.8
2018-04-12,AWS_EKS_Kubernetes,211.39
2018-04-12,AWS_RDS_Database,82.67
2018-04-13,AWS_EKS_Kubernetes,165.02
2018-04-13,AWS_RDS_Database,109.5
2018-04-14,AWS_EKS_Kubernetes,218.02
2018-04-14,AWS_RDS_Database,81.67
2018-04-15,AWS_EKS_Kubernetes,221.63
2018-04-15,AWS_RDS_Database,82.88
2018-04-16,AWS_EKS_Kubernetes,151.21
2018-04-16,AWS_RDS_Database,118.26
2018-04-17,AWS_EKS_Kubernetes,185.33
2018-04-17,AWS_RDS_Database,91.86
2018-04-18,AWS_EKS_Kubernetes,227.47
2018-04-18,AWS_RDS_Database,106.45
2018-04-19,AWS_EKS_Kubernetes,167.41
2018-04-19,AWS_RDS_Database,83.94
2018-04-20,AWS_EKS_Kubernetes,226.44
2018-04-20,AWS_RDS_Database,90.6
2018-04-21,AWS_EKS_Kubernetes,158.22
2018-04-21,AWS_RDS_Database,118.71
2018-04-22,AWS_EKS_Kubernetes,226.92
2018-04-22,AWS_RDS_Database,104.99
2018-04-23,AWS_EKS_Kubernetes,170.57
2018-04-23,AWS_RDS_Database,84.86
2018-04-24,AWS_EKS_Kubernetes,227.46
2018-04-24,AWS_RDS_Database,105.76
2018-04-25,AWS_EKS_Kubernetes,154.2
2018-04-25,AWS_RDS_Database,118.74
2018-04-26,AWS_EKS_Kubernetes,179.28
2018-04-26,AWS_RDS_Database,119.2
2018-04-27,AWS_EKS_Kubernetes,208.24
2018-04-27,AWS_RDS_Database,109.92
2018-04-28,AWS_EKS_Kubernetes,215.65
2018-04-28,AWS_RDS_Database,85.12
2018-04-29,AWS_EKS_Kubernetes,242.81
2018-04-29,AWS_RDS_Database,88.98
2018-04-30,AWS_EKS_Kubernetes,193.21
2018-04-30,AWS_RDS_Database,97.58
2018-05-01,AWS_EKS_Kubernetes,244.31
2018-05-01,AWS_RDS_Database,89.63
2018-05-02,AWS_EKS_Kubernetes,169.75
2018-05-02,AWS_RDS_Database,115.48
2018-05-03,AWS_EKS_Kubernetes,178.59
2018-05-03,AWS_RDS_Database,112.64
2018-05-04,AWS_EKS_Kubernetes,234.65
2018-05-04,AWS_RDS_Database,116.76
2018-05-05,AWS_EKS_Kubernetes,225.5
2018-05-05,AWS_RDS_Database,98.42
2018-05-06,AWS_EKS_Kubernetes,222.85
2018-05-06,AWS_RDS_Database,111.06
2018-05-07,AWS_EKS_Kubernetes,1142.69
2018-05-07,AWS_RDS_Database,101.8
2018-05-08,AWS_EKS_Kubernetes,154.32
2018-05-08,AWS_RDS_Database,86.59
2018-05-09,AWS_EKS_Kubernetes,222.6
2018-05-09,AWS_RDS_Database,112.71
2018-05-10,AWS_EKS_Kubernetes,200.59
2018-05-10,AWS_RDS_Database,113.63
2018-05-11,AWS_EKS_Kubernetes,204.22
2018-05-11,AWS_RDS_Database,103.61
2018-05-12,AWS_EKS_Kubernetes,179.75
2018-05-12,AWS_RDS_Database,102.6
2018-05-13,AWS_EKS_Kubernetes,237.33
2018-05-13,AWS_RDS_Database,105.45
2018-05-14,AWS_EKS_Kubernetes,166.01
2018-05-14,AWS_RDS_Database,98.46
2018-05-15,AWS_EKS_Kubernetes,750.64
2018-05-15,AWS_RDS_Database,109.06
2018-05-16,AWS_EKS_Kubernetes,190.15
2018-05-16,AWS_RDS_Database,112.0
2018-05-17,AWS_EKS_Kubernetes,205.51
2018-05-17,AWS_RDS_Database,109.32
2018-05-18,AWS_EKS_Kubernetes,168.8
2018-05-18,AWS_RDS_Database,94.22
2018-05-19,AWS_EKS_Kubernetes,205.42
2018-05-19,AWS_RDS_Database,80.21
2018-05-20,AWS_EKS_Kubernetes,153.53
2018-05-20,AWS_RDS_Database,109.83
2018-05-21,AWS_EKS_Kubernetes,245.81
2018-05-21,AWS_RDS_Database,94.72
2018-05-22,AWS_EKS_Kubernetes,164.89
2018-05-22,AWS_RDS_Database,92.22
2018-05-23,AWS_EKS_Kubernetes,249.63
2018-05-23,AWS_RDS_Database,94.73
2018-05-24,AWS_EKS_Kubernetes,222.21
2018-05-24,AWS_RDS_Database,115.45
2018-05-25,AWS_EKS_Kubernetes,189.15
2018-05-25,AWS_RDS_Database,96.5
2018-05-26,AWS_EKS_Kubernetes,150.32
2018-05-26,AWS_RDS_Database,104.78
2018-05-27,AWS_EKS_Kubernetes,229.42
2018-05-27,AWS_RDS_Database,83.72
2018-05-28,AWS_EKS_Kubernetes,198.1
2018-05-28,AWS_RDS_Database,105.69
2018-05-29,AWS_EKS_Kubernetes,208.0
2018-05-29,AWS_RDS_Database,102.46
2018-05-30,AWS_EKS_Kubernetes,210.35
2018-05-30,AWS_RDS_Database,107.06
2018-05-31,AWS_EKS_Kubernetes,176.98
2018-05-31,AWS_RDS_Database,113.0
2018-06-01,AWS_EKS_Kubernetes,157.71
2018-06-01,AWS_RDS_Database,82.34
2018-06-02,AWS_EKS_Kubernetes,228.49
2018-06-02,AWS_RDS_Database,108.31
2018-06-03,AWS_EKS_Kubernetes,201.73
2018-06-03,AWS_RDS_Database,97.61
2018-06-04,AWS_EKS_Kubernetes,182.82
2018-06-04,AWS_RDS_Database,97.36
2018-06-05,AWS_EKS_Kubernetes,172.06
2018-06-05,AWS_RDS_Database,103.93
2018-06-06,AWS_EKS_Kubernetes,249.83
2018-06-06,AWS_RDS_Database,117.32
2018-06-07,AWS_EKS_Kubernetes,192.12
2018-06-07,AWS_RDS_Database,105.45
2018-06-08,AWS_EKS_Kubernetes,161.83
2018-06-08,AWS_RDS_Database,96.4
2018-06-09,AWS_EKS_Kubernetes,188.38
2018-06-09,AWS_RDS_Database,102.87
2018-06-10,AWS_EKS_Kubernetes,168.45
2018-06-10,AWS_RDS_Database,94.49
2018-06-11,AWS_EKS_Kubernetes,152.62
2018-06-11,AWS_RDS_Database,80.97
2018-06-12,AWS_EKS_Kubernetes,177.31
2018-06-12,AWS_RDS_Database,100.72
2018-06-13,AWS_EKS_Kubernetes,244.07
2018-06-13,AWS_RDS_Database,90.37
2018-06-14,AWS_EKS_Kubernetes,237.27
2018-06-14,AWS_RDS_Database,113.68
2018-06-15,AWS_EKS_Kubernetes,230.26
2018-06-15,AWS_RDS_Database,98.33
2018-06-16,AWS_EKS_Kubernetes,163.35
2018-06-16,AWS_RDS_Database,83.22
2018-06-17,AWS_EKS_Kubernetes,199.65
2018-06-17,AWS_RDS_Database,97.47
2018-06-18,AWS_EKS_Kubernetes,226.55
2018-06-18,AWS_RDS_Database,86.36
2018-06-19,AWS_EKS_Kubernetes,163.54
2018-06-19,AWS_RDS_Database,110.06
2018-06-20,AWS_EKS_Kubernetes,245.66
2018-06-20,AWS_RDS_Database,82.76
2018-06-21,AWS_EKS_Kubernetes,178.22
2018-06-21,AWS_RDS_Database,90.47
2018-06-22,AWS_EKS_Kubernetes,240.63
2018-06-22,AWS_RDS_Database,89.98
2018-06-23,AWS_EKS_Kubernetes,225.94
2018-06-23,AWS_RDS_Database,97.99
2018-06-24,AWS_EKS_Kubernetes,156.54
2018-06-24,AWS_RDS_Database,99.5
2018-06-25,AWS_EKS_Kubernetes,156.27
2018-06-25,AWS_RDS_Database,116.26
2018-06-26,AWS_EKS_Kubernetes,203.24
2018-06-26,AWS_RDS_Database,96.44
2018-06-27,AWS_EKS_Kubernetes,239.98
2018-06-27,AWS_RDS_Database,80.87
2018-06-28,AWS_EKS_Kubernetes,246.34
2018-06-28,AWS_RDS_Database,102.41
2018-06-29,AWS_EKS_Kubernetes,155.23
2018-06-29,AWS_RDS_Database,96.75
2018-06-30,AWS_EKS_Kubernetes,223.08
2018-06-30,AWS_RDS_Database,119.25
2018-07-01,AWS_EKS_Kubernetes,215.42
2018-07-01,AWS_RDS_Database,87.92
2018-07-02,AWS_EKS_Kubernetes,196.39
2018-07-02,AWS_RDS_Database,118.88
2018-07-03,AWS_EKS_Kubernetes,184.95
2018-07-03,AWS_RDS_Database,84.56
2018-07-04,AWS_EKS_Kubernetes,172.53
2018-07-04,AWS_RDS_Database,90.04
2018-07-05,AWS_EKS_Kubernetes,206.12
2018-07-05,AWS_RDS_Database,100.94
2018-07-06,AWS_EKS_Kubernetes,236.01
2018-07-06,AWS_RDS_Database,108.91
2018-07-07,AWS_EKS_Kubernetes,220.78
2018-07-07,AWS_RDS_Database,101.74
2018-07-08,AWS_EKS_Kubernetes,195.83
2018-07-08,AWS_RDS_Database,99.39
2018-07-09,AWS_EKS_Kubernetes,244.57
2018-07-09,AWS_RDS_Database,114.0
2018-07-10,AWS_EKS_Kubernetes,196.23
2018-07-10,AWS_RDS_Database,96.47
2018-07-11,AWS_EKS_Kubernetes,204.54
2018-07-11,AWS_RDS_Database,82.49
2018-07-12,AWS_EKS_Kubernetes,230.64
2018-07-12,AWS_RDS_Database,98.37
2018-07-13,AWS_EKS_Kubernetes,228.63
2018-07-13,AWS_RDS_Database,88.05
2018-07-14,AWS_EKS_Kubernetes,166.47
2018-07-14,AWS_RDS_Database,93.21
2018-07-15,AWS_EKS_Kubernetes,201.94
2018-07-15,AWS_RDS_Database,88.2
2018-07-16,AWS_EKS_Kubernetes,237.96
2018-07-16,AWS_RDS_Database,114.82
2018-07-17,AWS_EKS_Kubernetes,195.12
2018-07-17,AWS_RDS_Database,119.4
2018-07-18,AWS_EKS_Kubernetes,152.72
2018-07-18,AWS_RDS_Database,82.61
2018-07-19,AWS_EKS_Kubernetes,240.92
2018-07-19,AWS_RDS_Database,101.55
2018-07-20,AWS_EKS_Kubernetes,160.55
2018-07-20,AWS_RDS_Database,106.27
2018-07-21,AWS_EKS_Kubernetes,867.12
2018-07-21,AWS_RDS_Database,111.02
2018-07-22,AWS_EKS_Kubernetes,202.33
2018-07-22,AWS_RDS_Database,91.49
2018-07-23,AWS_EKS_Kubernetes,207.76
2018-07-23,AWS_RDS_Database,105.38
2018-07-24,AWS_EKS_Kubernetes,189.6
2018-07-24,AWS_RDS_Database,116.6
2018-07-25,AWS_EKS_Kubernetes,165.8
2018-07-25,AWS_RDS_Database,107.84
2018-07-26,AWS_EKS_Kubernetes,181.68
2018-07-26,AWS_RDS_Database,114.29
2018-07-27,AWS_EKS_Kubernetes,177.69
2018-07-27,AWS_RDS_Database,119.34
2018-07-28,AWS_EKS_Kubernetes,170.2
2018-07-28,AWS_RDS_Database,87.37
2018-07-29,AWS_EKS_Kubernetes,215.43
2018-07-29,AWS_RDS_Database,86.08
2018-07-30,AWS_EKS_Kubernetes,211.53
2018-07-30,AWS_RDS_Database,83.34
2018-07-31,AWS_EKS_Kubernetes,1210.15
2018-07-31,AWS_RDS_Database,100.21
2018-08-01,AWS_EKS_Kubernetes,248.41
2018-08-01,AWS_RDS_Database,106.72
2018-08-02,AWS_EKS_Kubernetes,166.6
2018-08-02,AWS_RDS_Database,115.28
2018-08-03,AWS_EKS_Kubernetes,166.22
2018-08-03,AWS_RDS_Database,80.5
2018-08-04,AWS_EKS_Kubernetes,202.74
2018-08-04,AWS_RDS_Database,108.77
2018-08-05,AWS_EKS_Kubernetes,157.94
2018-08-05,AWS_RDS_Database,109.26
2018-08-06,AWS_EKS_Kubernetes,235.82
2018-08-06,AWS_RDS_Database,112.76
2018-08-07,AWS_EKS_Kubernetes,221.02
2018-08-07,AWS_RDS_Database,92.57
2018-08-08,AWS_EKS_Kubernetes,232.16
2018-08-08,AWS_RDS_Database,98.37
2018-08-09,AWS_EKS_Kubernetes,199.42
2018-08-09,AWS_RDS_Database,113.13
2018-08-10,AWS_EKS_Kubernetes,167.38
2018-08-10,AWS_RDS_Database,108.48
2018-08-11,AWS_EKS_Kubernetes,160.06
2018-08-11,AWS_RDS_Database,89.59
2018-08-12,AWS_EKS_Kubernetes,184.79
2018-08-12,AWS_RDS_Database,98.01
2018-08-13,AWS_EKS_Kubernetes,215.11
2018-08-13,AWS_RDS_Database,104.84
2018-08-14,AWS_EKS_Kubernetes,1382.02
2018-08-14,AWS_RDS_Database,98.85
2018-08-15,AWS_EKS_Kubernetes,162.63
2018-08-15,AWS_RDS_Database,107.05
2018-08-16,AWS_EKS_Kubernetes,218.63
2018-08-16,AWS_RDS_Database,82.79
2018-08-17,AWS_EKS_Kubernetes,235.57
2018-08-17,AWS_RDS_Database,89.09
2018-08-18,AWS_EKS_Kubernetes,177.93
2018-08-18,AWS_RDS_Database,105.72
2018-08-19,AWS_EKS_Kubernetes,201.27
2018-08-19,AWS_RDS_Database,92.21
2018-08-20,AWS_EKS_Kubernetes,153.32
2018-08-20,AWS_RDS_Database,92.16
2018-08-21,AWS_EKS_Kubernetes,243.83
2018-08-21,AWS_RDS_Database,114.85
2018-08-22,AWS_EKS_Kubernetes,228.84
2018-08-22,AWS_RDS_Database,106.6
2018-08-23,AWS_EKS_Kubernetes,240.72
2018-08-23,AWS_RDS_Database,106.83
2018-08-24,AWS_EKS_Kubernetes,161.1
2018-08-24,AWS_RDS_Database,97.88
2018-08-25,AWS_EKS_Kubernetes,236.46
2018-08-25,AWS_RDS_Database,101.87
2018-08-26,AWS_EKS_Kubernetes,247.68
2018-08-26,AWS_RDS_Database,84.43
2018-08-27,AWS_EKS_Kubernetes,154.2
2018-08-27,AWS_RDS_Database,109.6
2018-08-28,AWS_EKS_Kubernetes,178.0
2018-08-28,AWS_RDS_Database,114.33
2018-08-29,AWS_EKS_Kubernetes,241.08
2018-08-29,AWS_RDS_Database,110.16
2018-08-30,AWS_EKS_Kubernetes,151.8
2018-08-30,AWS_RDS_Database,118.51
2018-08-31,AWS_EKS_Kubernetes,180.48
2018-08-31,AWS_RDS_Database,113.18
2018-09-01,AWS_EKS_Kubernetes,237.28
2018-09-01,AWS_RDS_Database,84.5
2018-09-02,AWS_EKS_Kubernetes,204.07
2018-09-02,AWS_RDS_Database,83.86
2018-09-03,AWS_EKS_Kubernetes,151.24
2018-09-03,AWS_RDS_Database,98.75
2018-09-04,AWS_EKS_Kubernetes,209.84
2018-09-04,AWS_RDS_Database,91.89
2018-09-05,AWS_EKS_Kubernetes,224.32
2018-09-05,AWS_RDS_Database,81.93
2018-09-06,AWS_EKS_Kubernetes,235.23
2018-09-06,AWS_RDS_Database,106.71
2018-09-07,AWS_EKS_Kubernetes,239.23
2018-09-07,AWS_RDS_Database,87.41
2018-09-08,AWS_EKS_Kubernetes,173.95
2018-09-08,AWS_RDS_Database,111.78
2018-09-09,AWS_EKS_Kubernetes,208.28
2018-09-09,AWS_RDS_Database,119.82
2018-09-10,AWS_EKS_Kubernetes,202.14
2018-09-10,AWS_RDS_Database,82.55
2018-09-11,AWS_EKS_Kubernetes,209.9
2018-09-11,AWS_RDS_Database,84.6
2018-09-12,AWS_EKS_Kubernetes,240.96
2018-09-12,AWS_RDS_Database,106.77
2018-09-13,AWS_EKS_Kubernetes,237.9
2018-09-13,AWS_RDS_Database,102.87
2018-09-14,AWS_EKS_Kubernetes,193.04
2018-09-14,AWS_RDS_Database,92.68
2018-09-15,AWS_EKS_Kubernetes,227.39
2018-09-15,AWS_RDS_Database,104.08
2018-09-16,AWS_EKS_Kubernetes,194.34
2018-09-16,AWS_RDS_Database,104.28
2018-09-17,AWS_EKS_Kubernetes,209.17
2018-09-17,AWS_RDS_Database,108.11
2018-09-18,AWS_EKS_Kubernetes,201.24
2018-09-18,AWS_RDS_Database,84.17
2018-09-19,AWS_EKS_Kubernetes,1153.24
2018-09-19,AWS_RDS_Database,106.09
2018-09-20,AWS_EKS_Kubernetes,224.36
2018-09-20,AWS_RDS_Database,100.25
2018-09-21,AWS_EKS_Kubernetes,157.09
2018-09-21,AWS_RDS_Database,90.18
2018-09-22,AWS_EKS_Kubernetes,197.25
2018-09-22,AWS_RDS_Database,81.83
2018-09-23,AWS_EKS_Kubernetes,177.68
2018-09-23,AWS_RDS_Database,118.86
2018-09-24,AWS_EKS_Kubernetes,198.2
2018-09-24,AWS_RDS_Database,87.84
2018-09-25,AWS_EKS_Kubernetes,178.07
2018-09-25,AWS_RDS_Database,88.28
2018-09-26,AWS_EKS_Kubernetes,150.55
2018-09-26,AWS_RDS_Database,80.31
2018-09-27,AWS_EKS_Kubernetes,153.67
2018-09-27,AWS_RDS_Database,84.32
2018-09-28,AWS_EKS_Kubernetes,230.26
2018-09-28,AWS_RDS_Database,102.88
2018-09-29,AWS_EKS_Kubernetes,179.35
2018-09-29,AWS_RDS_Database,117.27
2018-09-30,AWS_EKS_Kubernetes,158.71
2018-09-30,AWS_RDS_Database,104.68
2018-10-01,AWS_EKS_Kubernetes,184.52
2018-10-01,AWS_RDS_Database,100.3
2018-10-02,AWS_EKS_Kubernetes,876.06
2018-10-02,AWS_RDS_Database,108.09
2018-10-03,AWS_EKS_Kubernetes,177.47
2018-10-03,AWS_RDS_Database,95.78
2018-10-04,AWS_EKS_Kubernetes,191.1
2018-10-04,AWS_RDS_Database,116.3
2018-10-05,AWS_EKS_Kubernetes,210.79
2018-10-05,AWS_RDS_Database,92.37
2018-10-06,AWS_EKS_Kubernetes,245.51
2018-10-06,AWS_RDS_Database,112.85
2018-10-07,AWS_EKS_Kubernetes,213.64
2018-10-07,AWS_RDS_Database,82.05
2018-10-08,AWS_EKS_Kubernetes,155.95
2018-10-08,AWS_RDS_Database,104.15
2018-10-09,AWS_EKS_Kubernetes,161.45
2018-10-09,AWS_RDS_Database,95.35
2018-10-10,AWS_EKS_Kubernetes,186.91
2018-10-10,AWS_RDS_Database,84.84
2018-10-11,AWS_EKS_Kubernetes,225.12
2018-10-11,AWS_RDS_Database,82.84
2018-10-12,AWS_EKS_Kubernetes,185.48
2018-10-12,AWS_RDS_Database,117.67
2018-10-13,AWS_EKS_Kubernetes,217.87
2018-10-13,AWS_RDS_Database,94.48
2018-10-14,AWS_EKS_Kubernetes,151.01
2018-10-14,AWS_RDS_Database,105.44
2018-10-15,AWS_EKS_Kubernetes,211.26
2018-10-15,AWS_RDS_Database,114.95
2018-10-16,AWS_EKS_Kubernetes,162.06
2018-10-16,AWS_RDS_Database,116.1
2018-10-17,AWS_EKS_Kubernetes,203.4
2018-10-17,AWS_RDS_Database,85.69
2018-10-18,AWS_EKS_Kubernetes,192.2
2018-10-18,AWS_RDS_Database,91.8
