timestamp,pod,restarts
2026-06-20 12:45:54,victim-app-6f664c9b59-8w5t5,0
2026-06-20 12:46:09,victim-app-6f664c9b59-8w5t5,0
2026-06-20 12:46:24,victim-app-6f664c9b59-8w5t5,0
2026-06-20 12:46:39,victim-app-6f664c9b59-8w5t5,0
2026-06-20 12:46:54,victim-app-6f664c9b59-8w5t5,0
2026-06-20 12:47:09,victim-app-6f664c9b59-8w5t5,0
2026-06-20 12:47:24,victim-app-6f664c9b59-8w5t5,0
2026-06-20 12:47:39,victim-app-6f664c9b59-8w5t5,0
2026-06-20 12:47:54,victim-app-6f664c9b59-8w5t5,0
2026-06-20 12:48:09,victim-app-6f664c9b59-8w5t5,0
2026-06-20 12:48:24,victim-app-6f664c9b59-8w5t5,0
2026-06-20 12:48:39,victim-app-6f664c9b59-8w5t5,0
2026-06-20 12:48:54,victim-app-6f664c9b59-8w5t5,0
2026-06-20 12:49:09,victim-app-6f664c9b59-8w5t5,0
2026-06-20 12:49:24,victim-app-6f664c9b59-8w5t5,0
2026-06-20 12:49:39,victim-app-6f664c9b59-8w5t5,0
2026-06-20 12:49:54,victim-app-6f664c9b59-8w5t5,0
2026-06-20 12:50:09,victim-app-6f664c9b59-8w5t5,0
2026-06-20 12:50:24,victim-app-6f664c9b59-8w5t5,0
2026-06-20 12:50:39,victim-app-6f664c9b59-8w5t5,0
2026-06-20 12:50:54,victim-app-6f664c9b59-8w5t5,0
2026-06-20 12:51:09,victim-app-6f664c9b59-8w5t5,0
2026-06-20 12:51:24,victim-app-6f664c9b59-8w5t5,0
2026-06-20 12:51:39,victim-app-6f664c9b59-8w5t5,0
2026-06-20 12:51:54,victim-app-6f664c9b59-8w5t5,0
2026-06-20 12:52:09,victim-app-6f664c9b59-8w5t5,0
2026-06-20 12:52:24,victim-app-6f664c9b59-8w5t5,0
2026-06-20 12:52:39,victim-app-6f664c9b59-8w5t5,0
2026-06-20 12:52:54,victim-app-6f664c9b59-8w5t5,0
2026-06-20 12:53:09,victim-app-6f664c9b59-8w5t5,0
2026-06-20 12:53:24,victim-app-6f664c9b59-8w5t5,0
2026-06-20 12:53:39,victim-app-6f664c9b59-8w5t5,0
2026-06-20 12:53:54,victim-app-6f664c9b59-8w5t5,0
2026-06-20 12:54:09,victim-app-6f664c9b59-8w5t5,0
2026-06-20 12:54:24,victim-app-6f664c9b59-8w5t5,0
2026-06-20 12:54:39,victim-app-6f664c9b59-8w5t5,0
2026-06-20 12:54:54,victim-app-6f664c9b59-8w5t5,0
2026-06-20 12:55:09,victim-app-6f664c9b59-8w5t5,0
2026-06-20 12:55:24,victim-app-6f664c9b59-8w5t5,0
2026-06-20 12:55:39,victim-app-6f664c9b59-8w5t5,0
2026-06-20 12:55:54,victim-app-6f664c9b59-8w5t5,0
2026-06-20 12:56:09,victim-app-6f664c9b59-8w5t5,0
2026-06-20 12:56:24,victim-app-6f664c9b59-8w5t5,0
2026-06-20 12:56:39,victim-app-6f664c9b59-8w5t5,0
2026-06-20 12:56:54,victim-app-6f664c9b59-8w5t5,0
2026-06-20 12:57:09,victim-app-6f664c9b59-8w5t5,0
2026-06-20 12:57:24,victim-app-6f664c9b59-8w5t5,0
2026-06-20 12:57:39,victim-app-6f664c9b59-8w5t5,0
2026-06-20 12:57:54,victim-app-6f664c9b59-8w5t5,0
2026-06-20 12:58:09,victim-app-6f664c9b59-8w5t5,0
2026-06-20 12:58:24,victim-app-6f664c9b59-8w5t5,0
2026-06-20 12:58:39,victim-app-6f664c9b59-8w5t5,0
2026-06-20 12:58:54,victim-app-6f664c9b59-8w5t5,0
2026-06-20 12:59:09,victim-app-6f664c9b59-8w5t5,0
2026-06-20 12:59:24,victim-app-6f664c9b59-8w5t5,0
2026-06-20 12:59:39,victim-app-6f664c9b59-8w5t5,0
2026-06-20 12:59:54,victim-app-6f664c9b59-8w5t5,0
2026-06-20 13:00:09,victim-app-6f664c9b59-8w5t5,0
2026-06-20 13:00:24,victim-app-6f664c9b59-8w5t5,0
2026-06-20 13:00:39,victim-app-6f664c9b59-8w5t5,0
2026-06-20 13:00:54,victim-app-6f664c9b59-8w5t5,0
2026-06-20 13:01:09,victim-app-6f664c9b59-8w5t5,0
2026-06-20 13:01:24,victim-app-6f664c9b59-8w5t5,0
2026-06-20 13:01:39,victim-app-6f664c9b59-8w5t5,0
2026-06-20 13:01:54,victim-app-6f664c9b59-8w5t5,0
2026-06-20 13:02:09,victim-app-6f664c9b59-8w5t5,0
2026-06-20 13:02:24,victim-app-6f664c9b59-8w5t5,0
2026-06-20 13:02:39,victim-app-6f664c9b59-8w5t5,0
2026-06-20 13:02:54,victim-app-6f664c9b59-8w5t5,0
2026-06-20 13:03:09,victim-app-6f664c9b59-8w5t5,0
2026-06-20 13:03:24,victim-app-6f664c9b59-8w5t5,0
2026-06-20 13:03:39,victim-app-6f664c9b59-8w5t5,0
2026-06-20 13:03:54,victim-app-6f664c9b59-8w5t5,0
2026-06-20 13:04:09,victim-app-6f664c9b59-8w5t5,0
2026-06-20 13:04:24,victim-app-6f664c9b59-8w5t5,0
2026-06-20 13:04:39,victim-app-6f664c9b59-8w5t5,0
2026-06-20 13:04:54,victim-app-6f664c9b59-8w5t5,0
2026-06-20 13:05:09,victim-app-6f664c9b59-8w5t5,0
2026-06-20 13:05:24,victim-app-6f664c9b59-8w5t5,0
2026-06-20 13:05:39,victim-app-6f664c9b59-8w5t5,0
2026-06-20 13:05:54,victim-app-6f664c9b59-8w5t5,0
2026-06-20 13:06:09,victim-app-6f664c9b59-8w5t5,0
2026-06-20 13:06:24,victim-app-6f664c9b59-8w5t5,0
2026-06-20 13:06:39,victim-app-6f664c9b59-8w5t5,0
2026-06-20 13:06:54,victim-app-6f664c9b59-8w5t5,0
2026-06-20 13:07:09,victim-app-6f664c9b59-8w5t5,0
2026-06-20 13:07:24,victim-app-6f664c9b59-8w5t5,0
2026-06-20 13:07:39,victim-app-6f664c9b59-8w5t5,0
2026-06-20 13:07:54,victim-app-6f664c9b59-8w5t5,0
2026-06-20 13:08:09,victim-app-6f664c9b59-8w5t5,0
2026-06-20 13:08:24,victim-app-6f664c9b59-8w5t5,0
2026-06-20 13:08:39,victim-app-6f664c9b59-8w5t5,0
2026-06-20 13:08:54,victim-app-6f664c9b59-8w5t5,0
2026-06-20 13:09:09,victim-app-6f664c9b59-8w5t5,0
2026-06-20 13:09:24,victim-app-6f664c9b59-8w5t5,0
2026-06-20 13:09:39,victim-app-6f664c9b59-8w5t5,0
2026-06-20 13:09:54,victim-app-6f664c9b59-8w5t5,0
2026-06-20 13:10:09,victim-app-6f664c9b59-8w5t5,0
2026-06-20 13:10:24,victim-app-6f664c9b59-8w5t5,0
2026-06-20 13:10:39,victim-app-6f664c9b59-8w5t5,0
2026-06-20 13:10:54,victim-app-6f664c9b59-8w5t5,0
2026-06-20 13:11:09,victim-app-6f664c9b59-8w5t5,0
2026-06-20 13:11:24,victim-app-6f664c9b59-8w5t5,0
2026-06-20 13:11:39,victim-app-6f664c9b59-8w5t5,0
2026-06-20 13:11:54,victim-app-6f664c9b59-8w5t5,0
2026-06-20 13:12:09,victim-app-6f664c9b59-8w5t5,0
2026-06-20 13:12:24,victim-app-6f664c9b59-8w5t5,0
2026-06-20 13:12:39,victim-app-6f664c9b59-8w5t5,0
2026-06-20 13:12:54,victim-app-6f664c9b59-8w5t5,0
2026-06-20 13:13:09,victim-app-6f664c9b59-8w5t5,0
2026-06-20 13:13:24,victim-app-6f664c9b59-8w5t5,0
2026-06-20 13:13:39,victim-app-6f664c9b59-8w5t5,0
2026-06-20 13:13:54,victim-app-6f664c9b59-8w5t5,0
2026-06-20 13:14:09,victim-app-6f664c9b59-8w5t5,0
2026-06-20 13:14:24,victim-app-6f664c9b59-8w5t5,0
2026-06-20 13:14:39,victim-app-6f664c9b59-8w5t5,0
2026-06-20 13:14:54,victim-app-6f664c9b59-8w5t5,0
2026-06-20 13:15:09,victim-app-6f664c9b59-8w5t5,0
2026-06-20 13:15:24,victim-app-6f664c9b59-8w5t5,0
2026-06-20 13:15:39,victim-app-6f664c9b59-8w5t5,0
2026-06-20 13:15:54,victim-app-6f664c9b59-8w5t5,0
2026-06-20 13:16:09,victim-app-6f664c9b59-8w5t5,0
2026-06-20 13:16:24,victim-app-6f664c9b59-8w5t5,0
2026-06-20 13:16:39,victim-app-6f664c9b59-8w5t5,0
2026-06-20 13:16:54,victim-app-6f664c9b59-8w5t5,0
2026-06-20 13:17:09,victim-app-6f664c9b59-8w5t5,0
2026-06-20 13:17:24,victim-app-6f664c9b59-8w5t5,0
2026-06-20 13:17:39,victim-app-6f664c9b59-8w5t5,0
2026-06-20 13:17:54,victim-app-6f664c9b59-8w5t5,0
2026-06-20 13:18:09,victim-app-6f664c9b59-8w5t5,0
2026-06-20 13:18:24,victim-app-6f664c9b59-8w5t5,0
2026-06-20 13:18:39,victim-app-6f664c9b59-8w5t5,0
2026-06-20 13:18:54,victim-app-6f664c9b59-8w5t5,0
2026-06-20 13:19:09,victim-app-6f664c9b59-8w5t5,0
2026-06-20 13:19:24,victim-app-6f664c9b59-8w5t5,0
2026-06-20 13:19:39,victim-app-6f664c9b59-8w5t5,0
2026-06-20 13:19:54,victim-app-6f664c9b59-8w5t5,0
2026-06-20 13:20:09,victim-app-6f664c9b59-8w5t5,0
2026-06-20 13:20:24,victim-app-6f664c9b59-8w5t5,0
2026-06-20 13:20:39,victim-app-6f664c9b59-8w5t5,0
2026-06-20 13:20:54,victim-app-6f664c9b59-8w5t5,0
2026-06-20 13:21:09,victim-app-6f664c9b59-8w5t5,0
2026-06-20 13:21:24,victim-app-6f664c9b59-8w5t5,0
2026-06-20 13:21:39,victim-app-6f664c9b59-8w5t5,0
2026-06-20 13:21:54,victim-app-6f664c9b59-8w5t5,0
2026-06-20 13:22:09,victim-app-6f664c9b59-8w5t5,0
2026-06-20 13:22:24,victim-app-6f664c9b59-8w5t5,0
2026-06-20 13:22:39,victim-app-6f664c9b59-8w5t5,0
2026-06-20 13:22:54,victim-app-6f664c9b59-8w5t5,0
2026-06-20 13:23:09,victim-app-6f664c9b59-8w5t5,0
2026-06-20 13:23:24,victim-app-6f664c9b59-8w5t5,0
2026-06-20 13:23:39,victim-app-6f664c9b59-8w5t5,0
2026-06-20 13:23:54,victim-app-6f664c9b59-8w5t5,0
2026-06-20 13:24:09,victim-app-6f664c9b59-8w5t5,0
2026-06-20 13:24:24,victim-app-6f664c9b59-8w5t5,0
2026-06-20 13:24:39,victim-app-6f664c9b59-8w5t5,0
2026-06-20 13:24:54,victim-app-6f664c9b59-8w5t5,0
2026-06-20 13:25:09,victim-app-6f664c9b59-8w5t5,0
2026-06-20 13:25:24,victim-app-6f664c9b59-8w5t5,0
2026-06-20 13:25:39,victim-app-6f664c9b59-8w5t5,0
2026-06-20 13:25:54,victim-app-6f664c9b59-8w5t5,0
2026-06-20 13:26:09,victim-app-6f664c9b59-8w5t5,0
2026-06-20 13:26:24,victim-app-6f664c9b59-8w5t5,0
2026-06-20 13:26:39,victim-app-6f664c9b59-8w5t5,0
2026-06-20 13:26:54,victim-app-6f664c9b59-8w5t5,0
2026-06-20 13:27:09,victim-app-6f664c9b59-8w5t5,0
2026-06-20 13:27:24,victim-app-6f664c9b59-8w5t5,0
2026-06-20 13:27:39,victim-app-6f664c9b59-8w5t5,0
2026-06-20 13:27:54,victim-app-6f664c9b59-8w5t5,0
2026-06-20 13:28:09,victim-app-6f664c9b59-8w5t5,0
2026-06-20 13:28:24,victim-app-6f664c9b59-8w5t5,0
2026-06-20 13:28:39,victim-app-6f664c9b59-8w5t5,0
2026-06-20 13:28:54,victim-app-6f664c9b59-8w5t5,0
2026-06-20 13:29:09,victim-app-6f664c9b59-8w5t5,0
2026-06-20 13:29:24,victim-app-6f664c9b59-8w5t5,0
2026-06-20 13:29:39,victim-app-6f664c9b59-8w5t5,0
2026-06-20 13:29:54,victim-app-6f664c9b59-8w5t5,0
2026-06-20 13:30:09,victim-app-6f664c9b59-8w5t5,0
2026-06-20 13:30:24,victim-app-6f664c9b59-8w5t5,0
2026-06-20 13:30:39,victim-app-6f664c9b59-8w5t5,0
2026-06-20 13:30:54,victim-app-6f664c9b59-8w5t5,0
2026-06-20 13:31:09,victim-app-6f664c9b59-8w5t5,0
2026-06-20 13:31:24,victim-app-6f664c9b59-8w5t5,0
2026-06-20 13:31:39,victim-app-6f664c9b59-8w5t5,0
2026-06-20 13:31:54,victim-app-6f664c9b59-8w5t5,0
2026-06-20 13:32:09,victim-app-6f664c9b59-8w5t5,0
2026-06-20 13:32:24,victim-app-6f664c9b59-8w5t5,0
2026-06-20 13:32:39,victim-app-6f664c9b59-8w5t5,0
2026-06-20 13:32:54,victim-app-6f664c9b59-8w5t5,0
2026-06-20 13:33:09,victim-app-6f664c9b59-8w5t5,0
2026-06-20 13:33:24,victim-app-6f664c9b59-8w5t5,0
2026-06-20 13:33:39,victim-app-6f664c9b59-8w5t5,0
2026-06-20 13:33:54,victim-app-6f664c9b59-8w5t5,0
2026-06-20 13:34:09,victim-app-6f664c9b59-8w5t5,0
2026-06-20 13:34:24,victim-app-6f664c9b59-8w5t5,0
2026-06-20 13:34:39,victim-app-6f664c9b59-8w5t5,0
2026-06-20 13:34:54,victim-app-6f664c9b59-8w5t5,0
2026-06-20 13:35:09,victim-app-6f664c9b59-8w5t5,0
2026-06-20 13:35:24,victim-app-6f664c9b59-8w5t5,0
2026-06-20 13:35:39,victim-app-6f664c9b59-8w5t5,0
2026-06-20 13:35:54,victim-app-6f664c9b59-8w5t5,0
2026-06-20 13:36:09,victim-app-6f664c9b59-8w5t5,0
2026-06-20 13:36:24,victim-app-6f664c9b59-8w5t5,0
2026-06-20 13:36:39,victim-app-6f664c9b59-8w5t5,0
2026-06-20 13:36:54,victim-app-6f664c9b59-8w5t5,0
2026-06-20 13:37:09,victim-app-6f664c9b59-8w5t5,0
2026-06-20 13:37:24,victim-app-6f664c9b59-8w5t5,0
2026-06-20 13:37:39,victim-app-6f664c9b59-8w5t5,0
2026-06-20 13:37:54,victim-app-6f664c9b59-8w5t5,0
2026-06-20 13:38:09,victim-app-6f664c9b59-8w5t5,0
2026-06-20 13:38:24,victim-app-6f664c9b59-8w5t5,0
2026-06-20 13:38:39,victim-app-6f664c9b59-8w5t5,0
2026-06-20 13:38:54,victim-app-6f664c9b59-8w5t5,0
2026-06-20 13:39:09,victim-app-6f664c9b59-8w5t5,0
2026-06-20 13:39:24,victim-app-6f664c9b59-8w5t5,0
2026-06-20 13:39:39,victim-app-6f664c9b59-8w5t5,0
2026-06-20 13:39:54,victim-app-6f664c9b59-8w5t5,0
2026-06-20 13:40:09,victim-app-6f664c9b59-8w5t5,0
2026-06-20 13:40:24,victim-app-6f664c9b59-8w5t5,0
2026-06-20 13:40:39,victim-app-6f664c9b59-8w5t5,0
2026-06-20 13:40:54,victim-app-6f664c9b59-8w5t5,0
2026-06-20 13:41:09,victim-app-6f664c9b59-8w5t5,0
2026-06-20 13:41:24,victim-app-6f664c9b59-8w5t5,0
2026-06-20 13:41:39,victim-app-6f664c9b59-8w5t5,0
2026-06-20 13:41:54,victim-app-6f664c9b59-8w5t5,0
2026-06-20 13:42:09,victim-app-6f664c9b59-8w5t5,0
2026-06-20 13:42:24,victim-app-6f664c9b59-8w5t5,0
2026-06-20 13:42:39,victim-app-6f664c9b59-8w5t5,0
2026-06-20 13:42:54,victim-app-6f664c9b59-8w5t5,0
2026-06-20 13:43:09,victim-app-6f664c9b59-8w5t5,0
2026-06-20 13:43:24,victim-app-6f664c9b59-8w5t5,0
2026-06-20 13:43:39,victim-app-6f664c9b59-8w5t5,0
2026-06-20 13:43:54,victim-app-6f664c9b59-8w5t5,0
2026-06-20 13:44:09,victim-app-6f664c9b59-8w5t5,0
2026-06-20 13:44:24,victim-app-6f664c9b59-8w5t5,0
2026-06-20 13:44:39,victim-app-6f664c9b59-8w5t5,0
2026-06-20 13:44:54,victim-app-6f664c9b59-8w5t5,0
2026-06-20 13:45:09,victim-app-6f664c9b59-8w5t5,0
2026-06-20 13:45:24,victim-app-6f664c9b59-8w5t5,0
2026-06-20 13:45:39,victim-app-6f664c9b59-8w5t5,0
2026-06-20 13:45:54,victim-app-6f664c9b59-8w5t5,0
2026-06-20 13:46:09,victim-app-6f664c9b59-8w5t5,0
2026-06-20 13:46:24,victim-app-6f664c9b59-8w5t5,0
2026-06-20 13:46:39,victim-app-6f664c9b59-8w5t5,0
2026-06-20 13:46:54,victim-app-6f664c9b59-8w5t5,0
2026-06-20 13:47:09,victim-app-6f664c9b59-8w5t5,0
2026-06-20 13:47:24,victim-app-6f664c9b59-8w5t5,0
2026-06-20 13:47:39,victim-app-6f664c9b59-8w5t5,0
2026-06-20 13:47:54,victim-app-6f664c9b59-8w5t5,0
2026-06-20 13:48:09,victim-app-6f664c9b59-8w5t5,0
2026-06-20 13:48:24,victim-app-6f664c9b59-8w5t5,0
2026-06-20 13:48:39,victim-app-6f664c9b59-8w5t5,0
2026-06-20 13:48:54,victim-app-6f664c9b59-8w5t5,0
2026-06-20 13:49:09,victim-app-6f664c9b59-8w5t5,0
2026-06-20 13:49:24,victim-app-6f664c9b59-8w5t5,0
2026-06-20 13:49:39,victim-app-6f664c9b59-8w5t5,0
2026-06-20 13:49:54,victim-app-6f664c9b59-8w5t5,0
2026-06-20 13:50:09,victim-app-6f664c9b59-8w5t5,0
2026-06-20 13:50:24,victim-app-6f664c9b59-8w5t5,0
2026-06-20 13:50:39,victim-app-6f664c9b59-8w5t5,0
2026-06-20 13:50:54,victim-app-6f664c9b59-8w5t5,0
2026-06-20 13:51:09,victim-app-6f664c9b59-8w5t5,0
2026-06-20 13:51:24,victim-app-6f664c9b59-8w5t5,0
2026-06-20 13:51:39,victim-app-6f664c9b59-8w5t5,0
2026-06-20 13:51:54,victim-app-6f664c9b59-8w5t5,0
2026-06-20 13:52:09,victim-app-6f664c9b59-8w5t5,0
2026-06-20 13:52:24,victim-app-6f664c9b59-8w5t5,0
2026-06-20 13:52:39,victim-app-6f664c9b59-8w5t5,0
2026-06-20 13:52:54,victim-app-6f664c9b59-8w5t5,0
2026-06-20 13:53:09,victim-app-6f664c9b59-8w5t5,0
2026-06-20 13:53:24,victim-app-6f664c9b59-8w5t5,0
2026-06-20 13:53:39,victim-app-6f664c9b59-8w5t5,0
2026-06-20 13:53:54,victim-app-6f664c9b59-8w5t5,0
2026-06-20 13:54:09,victim-app-6f664c9b59-8w5t5,0
2026-06-20 13:54:24,victim-app-6f664c9b59-8w5t5,0
2026-06-20 13:54:39,victim-app-6f664c9b59-8w5t5,0
2026-06-20 13:54:54,victim-app-6f664c9b59-8w5t5,0
2026-06-20 13:55:09,victim-app-6f664c9b59-8w5t5,0
2026-06-20 13:55:24,victim-app-6f664c9b59-8w5t5,0
2026-06-20 13:55:39,victim-app-6f664c9b59-8w5t5,0
2026-06-20 13:55:54,victim-app-6f664c9b59-8w5t5,0
2026-06-20 13:56:09,victim-app-6f664c9b59-8w5t5,0
2026-06-20 13:56:24,victim-app-6f664c9b59-8w5t5,0
2026-06-20 13:56:39,victim-app-6f664c9b59-8w5t5,0
2026-06-20 13:56:54,victim-app-6f664c9b59-8w5t5,0
2026-06-20 13:57:09,victim-app-6f664c9b59-8w5t5,0
2026-06-20 13:57:24,victim-app-6f664c9b59-8w5t5,0
2026-06-20 13:57:39,victim-app-6f664c9b59-8w5t5,0
2026-06-20 13:57:54,victim-app-6f664c9b59-8w5t5,0
2026-06-20 13:58:09,victim-app-6f664c9b59-8w5t5,0
2026-06-20 13:58:24,victim-app-6f664c9b59-8w5t5,0
2026-06-20 13:58:39,victim-app-6f664c9b59-8w5t5,0
2026-06-20 13:58:54,victim-app-6f664c9b59-8w5t5,0
2026-06-20 13:59:09,victim-app-6f664c9b59-8w5t5,0
2026-06-20 13:59:24,victim-app-6f664c9b59-8w5t5,0
2026-06-20 13:59:39,victim-app-6f664c9b59-8w5t5,0
2026-06-20 13:59:54,victim-app-6f664c9b59-8w5t5,0
2026-06-20 14:00:09,victim-app-6f664c9b59-8w5t5,0
2026-06-20 14:00:24,victim-app-6f664c9b59-8w5t5,0
2026-06-20 14:00:39,victim-app-6f664c9b59-8w5t5,0
2026-06-20 14:00:54,victim-app-6f664c9b59-8w5t5,0
2026-06-20 14:01:09,victim-app-6f664c9b59-8w5t5,0
2026-06-20 14:01:24,victim-app-6f664c9b59-8w5t5,0
2026-06-20 14:01:39,victim-app-6f664c9b59-8w5t5,0
2026-06-20 14:01:54,victim-app-6f664c9b59-8w5t5,0
2026-06-20 14:02:09,victim-app-6f664c9b59-8w5t5,0
2026-06-20 14:02:24,victim-app-6f664c9b59-8w5t5,0
2026-06-20 14:02:39,victim-app-6f664c9b59-8w5t5,0
2026-06-20 14:02:54,victim-app-6f664c9b59-8w5t5,0
2026-06-20 14:03:09,victim-app-6f664c9b59-8w5t5,0
2026-06-20 14:03:24,victim-app-6f664c9b59-8w5t5,0
2026-06-20 14:03:39,victim-app-6f664c9b59-8w5t5,0
2026-06-20 14:03:54,victim-app-6f664c9b59-8w5t5,0
2026-06-20 14:04:09,victim-app-6f664c9b59-8w5t5,0
2026-06-20 14:04:24,victim-app-6f664c9b59-8w5t5,0
2026-06-20 14:04:39,victim-app-6f664c9b59-8w5t5,0
2026-06-20 14:04:54,victim-app-6f664c9b59-8w5t5,0
2026-06-20 14:05:09,victim-app-6f664c9b59-8w5t5,0
2026-06-20 14:05:24,victim-app-6f664c9b59-8w5t5,0
2026-06-20 14:05:39,victim-app-6f664c9b59-8w5t5,0
2026-06-20 14:05:54,victim-app-6f664c9b59-8w5t5,0
2026-06-20 14:06:09,victim-app-6f664c9b59-8w5t5,0
2026-06-20 14:06:24,victim-app-6f664c9b59-8w5t5,0
2026-06-20 14:06:39,victim-app-6f664c9b59-8w5t5,0
2026-06-20 14:06:54,victim-app-6f664c9b59-8w5t5,0
2026-06-20 14:07:09,victim-app-6f664c9b59-8w5t5,0
2026-06-20 14:07:24,victim-app-6f664c9b59-8w5t5,0
2026-06-20 14:07:39,victim-app-6f664c9b59-8w5t5,0
2026-06-20 14:07:54,victim-app-6f664c9b59-8w5t5,0
2026-06-20 14:08:09,victim-app-6f664c9b59-8w5t5,0
2026-06-20 14:08:24,victim-app-6f664c9b59-8w5t5,0
2026-06-20 14:08:39,victim-app-6f664c9b59-8w5t5,0
2026-06-20 14:08:54,victim-app-6f664c9b59-8w5t5,0
2026-06-20 14:09:09,victim-app-6f664c9b59-8w5t5,0
2026-06-20 14:09:24,victim-app-6f664c9b59-8w5t5,0
2026-06-20 14:09:39,victim-app-6f664c9b59-8w5t5,0
2026-06-20 14:09:54,victim-app-6f664c9b59-8w5t5,0
2026-06-20 14:10:09,victim-app-6f664c9b59-8w5t5,0
2026-06-20 14:10:24,victim-app-6f664c9b59-8w5t5,0
2026-06-20 14:10:39,victim-app-6f664c9b59-8w5t5,0
2026-06-20 14:10:54,victim-app-6f664c9b59-8w5t5,0
2026-06-20 14:11:09,victim-app-6f664c9b59-8w5t5,0
2026-06-20 14:11:24,victim-app-6f664c9b59-8w5t5,0
2026-06-20 14:11:39,victim-app-6f664c9b59-8w5t5,0
2026-06-20 14:11:54,victim-app-6f664c9b59-8w5t5,0
2026-06-20 14:12:09,victim-app-6f664c9b59-8w5t5,0
2026-06-20 14:12:24,victim-app-6f664c9b59-8w5t5,0
2026-06-20 14:12:39,victim-app-6f664c9b59-8w5t5,0
2026-06-20 14:12:54,victim-app-6f664c9b59-8w5t5,0
2026-06-20 14:13:09,victim-app-6f664c9b59-8w5t5,0
2026-06-20 14:13:24,victim-app-6f664c9b59-8w5t5,0
2026-06-20 14:13:39,victim-app-6f664c9b59-8w5t5,0
2026-06-20 14:13:54,victim-app-6f664c9b59-8w5t5,0
2026-06-20 14:14:09,victim-app-6f664c9b59-8w5t5,0
2026-06-20 14:14:24,victim-app-6f664c9b59-8w5t5,0
2026-06-20 14:14:39,victim-app-6f664c9b59-8w5t5,0
2026-06-20 14:14:54,victim-app-6f664c9b59-8w5t5,0
2026-06-20 14:15:09,victim-app-6f664c9b59-8w5t5,0
2026-06-20 14:15:24,victim-app-6f664c9b59-8w5t5,0
2026-06-20 14:15:39,victim-app-6f664c9b59-8w5t5,0
2026-06-20 14:15:54,victim-app-6f664c9b59-8w5t5,0
2026-06-20 14:16:09,victim-app-6f664c9b59-8w5t5,0
2026-06-20 14:16:24,victim-app-6f664c9b59-8w5t5,0
2026-06-20 14:16:39,victim-app-6f664c9b59-8w5t5,0
2026-06-20 14:16:54,victim-app-6f664c9b59-8w5t5,0
2026-06-20 14:17:09,victim-app-6f664c9b59-8w5t5,0
2026-06-20 14:17:24,victim-app-6f664c9b59-8w5t5,0
2026-06-20 14:17:39,victim-app-6f664c9b59-8w5t5,0
2026-06-20 14:17:54,victim-app-6f664c9b59-8w5t5,0
2026-06-20 14:18:09,victim-app-6f664c9b59-8w5t5,0
2026-06-20 14:18:24,victim-app-6f664c9b59-8w5t5,0
2026-06-20 14:18:39,victim-app-6f664c9b59-8w5t5,0
2026-06-20 14:18:54,victim-app-6f664c9b59-8w5t5,0
2026-06-20 14:19:09,victim-app-6f664c9b59-8w5t5,0
2026-06-20 14:19:24,victim-app-6f664c9b59-8w5t5,0
2026-06-20 14:19:39,victim-app-6f664c9b59-8w5t5,0
2026-06-20 14:19:54,victim-app-6f664c9b59-8w5t5,0
2026-06-20 14:20:09,victim-app-6f664c9b59-8w5t5,0
2026-06-20 14:20:24,victim-app-6f664c9b59-8w5t5,0
2026-06-20 14:20:39,victim-app-6f664c9b59-8w5t5,0
2026-06-20 14:20:54,victim-app-6f664c9b59-8w5t5,0
2026-06-20 14:21:09,victim-app-6f664c9b59-8w5t5,0
2026-06-20 14:21:24,victim-app-6f664c9b59-8w5t5,0
2026-06-20 14:21:39,victim-app-6f664c9b59-8w5t5,0
2026-06-20 14:21:54,victim-app-6f664c9b59-8w5t5,0
2026-06-20 14:22:09,victim-app-6f664c9b59-8w5t5,0
2026-06-20 14:22:24,victim-app-6f664c9b59-8w5t5,0
2026-06-20 14:22:39,victim-app-6f664c9b59-8w5t5,0
2026-06-20 14:22:54,victim-app-6f664c9b59-8w5t5,0
2026-06-20 14:23:09,victim-app-6f664c9b59-8w5t5,0
2026-06-20 14:23:24,victim-app-6f664c9b59-8w5t5,0
2026-06-20 14:23:39,victim-app-6f664c9b59-8w5t5,0
2026-06-20 14:23:54,victim-app-6f664c9b59-8w5t5,0
2026-06-20 14:24:09,victim-app-6f664c9b59-8w5t5,0
2026-06-20 14:24:24,victim-app-6f664c9b59-8w5t5,0
2026-06-20 14:24:39,victim-app-6f664c9b59-8w5t5,0
2026-06-20 14:24:54,victim-app-6f664c9b59-8w5t5,0
2026-06-20 14:25:09,victim-app-6f664c9b59-8w5t5,0
2026-06-20 14:25:24,victim-app-6f664c9b59-8w5t5,0
2026-06-20 14:25:39,victim-app-6f664c9b59-8w5t5,0
2026-06-20 14:25:54,victim-app-6f664c9b59-8w5t5,0
2026-06-20 14:26:09,victim-app-6f664c9b59-8w5t5,0
2026-06-20 14:26:24,victim-app-6f664c9b59-8w5t5,0
2026-06-20 14:26:39,victim-app-6f664c9b59-8w5t5,0
2026-06-20 14:26:54,victim-app-6f664c9b59-8w5t5,0
2026-06-20 14:27:09,victim-app-6f664c9b59-8w5t5,0
2026-06-20 14:27:24,victim-app-6f664c9b59-8w5t5,0
2026-06-20 14:27:39,victim-app-6f664c9b59-8w5t5,0
2026-06-20 14:27:54,victim-app-6f664c9b59-8w5t5,0
2026-06-20 14:28:09,victim-app-6f664c9b59-8w5t5,0
2026-06-20 14:28:24,victim-app-6f664c9b59-8w5t5,0
2026-06-20 14:28:39,victim-app-6f664c9b59-8w5t5,0
2026-06-20 14:28:54,victim-app-6f664c9b59-8w5t5,0
2026-06-20 14:29:09,victim-app-6f664c9b59-8w5t5,0
2026-06-20 14:29:24,victim-app-6f664c9b59-8w5t5,0
2026-06-20 14:29:39,victim-app-6f664c9b59-8w5t5,0
2026-06-20 14:29:54,victim-app-6f664c9b59-8w5t5,0
2026-06-20 14:30:09,victim-app-6f664c9b59-8w5t5,0
2026-06-20 14:30:24,victim-app-6f664c9b59-8w5t5,0
2026-06-20 14:30:39,victim-app-6f664c9b59-8w5t5,0
2026-06-20 14:30:54,victim-app-6f664c9b59-8w5t5,0
2026-06-20 14:31:09,victim-app-6f664c9b59-8w5t5,0
2026-06-20 14:31:24,victim-app-6f664c9b59-8w5t5,0
2026-06-20 14:31:39,victim-app-6f664c9b59-8w5t5,0
2026-06-20 14:31:54,victim-app-6f664c9b59-8w5t5,0
2026-06-20 14:32:09,victim-app-6f664c9b59-8w5t5,0
2026-06-20 14:32:24,victim-app-6f664c9b59-8w5t5,0
2026-06-20 14:32:39,victim-app-6f664c9b59-8w5t5,0
2026-06-20 14:32:54,victim-app-6f664c9b59-8w5t5,0
2026-06-20 14:33:09,victim-app-6f664c9b59-8w5t5,0
2026-06-20 14:33:24,victim-app-6f664c9b59-8w5t5,0
2026-06-20 14:33:39,victim-app-6f664c9b59-8w5t5,0
2026-06-20 14:33:54,victim-app-6f664c9b59-8w5t5,0
2026-06-20 14:34:09,victim-app-6f664c9b59-8w5t5,0
2026-06-20 14:34:24,victim-app-6f664c9b59-8w5t5,0
2026-06-20 14:34:39,victim-app-6f664c9b59-8w5t5,0
2026-06-20 14:34:54,victim-app-6f664c9b59-8w5t5,0
2026-06-20 14:35:09,victim-app-6f664c9b59-8w5t5,0
2026-06-20 14:35:24,victim-app-6f664c9b59-8w5t5,0
2026-06-20 14:35:39,victim-app-6f664c9b59-8w5t5,0
2026-06-20 14:35:54,victim-app-6f664c9b59-8w5t5,0
2026-06-20 14:36:09,victim-app-6f664c9b59-8w5t5,0
2026-06-20 14:36:24,victim-app-6f664c9b59-8w5t5,0
2026-06-20 14:36:39,victim-app-6f664c9b59-8w5t5,0
2026-06-20 14:36:54,victim-app-6f664c9b59-8w5t5,0
2026-06-20 14:37:09,victim-app-6f664c9b59-8w5t5,0
2026-06-20 14:37:24,victim-app-6f664c9b59-8w5t5,0
2026-06-20 14:37:39,victim-app-6f664c9b59-8w5t5,0
2026-06-20 14:37:54,victim-app-6f664c9b59-8w5t5,0
2026-06-20 14:38:09,victim-app-6f664c9b59-8w5t5,0
2026-06-20 14:38:24,victim-app-6f664c9b59-8w5t5,0
2026-06-20 14:38:39,victim-app-6f664c9b59-8w5t5,0
2026-06-20 14:38:54,victim-app-6f664c9b59-8w5t5,0
2026-06-20 14:39:09,victim-app-6f664c9b59-8w5t5,0
2026-06-20 14:39:24,victim-app-6f664c9b59-8w5t5,0
2026-06-20 14:39:39,victim-app-6f664c9b59-8w5t5,0
2026-06-20 14:39:54,victim-app-6f664c9b59-8w5t5,0
2026-06-20 14:40:09,victim-app-6f664c9b59-8w5t5,0
2026-06-20 14:40:24,victim-app-6f664c9b59-8w5t5,0
2026-06-20 14:40:39,victim-app-6f664c9b59-8w5t5,0
2026-06-20 14:40:54,victim-app-6f664c9b59-8w5t5,0
2026-06-20 14:41:09,victim-app-6f664c9b59-8w5t5,0
2026-06-20 14:41:24,victim-app-6f664c9b59-8w5t5,0
2026-06-20 14:41:39,victim-app-6f664c9b59-8w5t5,0
2026-06-20 14:41:54,victim-app-6f664c9b59-8w5t5,0
2026-06-20 14:42:09,victim-app-6f664c9b59-8w5t5,0
2026-06-20 14:42:24,victim-app-6f664c9b59-8w5t5,0
2026-06-20 14:42:39,victim-app-6f664c9b59-8w5t5,0
2026-06-20 14:42:54,victim-app-6f664c9b59-8w5t5,0
2026-06-20 14:43:09,victim-app-6f664c9b59-8w5t5,0
2026-06-20 14:43:24,victim-app-6f664c9b59-8w5t5,0
2026-06-20 14:43:39,victim-app-6f664c9b59-8w5t5,0
2026-06-20 14:43:54,victim-app-6f664c9b59-8w5t5,0
2026-06-20 14:44:09,victim-app-6f664c9b59-8w5t5,0
2026-06-20 14:44:24,victim-app-6f664c9b59-8w5t5,0
2026-06-20 14:44:39,victim-app-6f664c9b59-8w5t5,0
2026-06-20 14:44:54,victim-app-6f664c9b59-8w5t5,0
2026-06-20 14:45:09,victim-app-6f664c9b59-8w5t5,0
2026-06-20 14:45:24,victim-app-6f664c9b59-8w5t5,0
2026-06-20 14:45:39,victim-app-6f664c9b59-8w5t5,0
2026-06-20 14:45:54,victim-app-6f664c9b59-8w5t5,0
2026-06-20 14:46:09,victim-app-6f664c9b59-8w5t5,0
2026-06-20 14:46:24,victim-app-6f664c9b59-8w5t5,0
2026-06-20 14:46:39,victim-app-6f664c9b59-8w5t5,0
2026-06-20 14:46:54,victim-app-6f664c9b59-8w5t5,0
2026-06-20 14:47:09,victim-app-6f664c9b59-8w5t5,0
2026-06-20 14:47:24,victim-app-6f664c9b59-8w5t5,0
2026-06-20 14:47:39,victim-app-6f664c9b59-8w5t5,0
2026-06-20 14:47:54,victim-app-6f664c9b59-8w5t5,0
2026-06-20 14:48:09,victim-app-6f664c9b59-8w5t5,0
2026-06-20 14:48:24,victim-app-6f664c9b59-8w5t5,0
2026-06-20 14:48:39,victim-app-6f664c9b59-8w5t5,0
2026-06-20 14:48:54,victim-app-6f664c9b59-8w5t5,0
2026-06-20 14:49:09,victim-app-6f664c9b59-8w5t5,0
2026-06-20 14:49:24,victim-app-6f664c9b59-8w5t5,0
2026-06-20 14:49:39,victim-app-6f664c9b59-8w5t5,0
2026-06-20 14:49:54,victim-app-6f664c9b59-8w5t5,0
2026-06-20 14:50:09,victim-app-6f664c9b59-8w5t5,0
2026-06-20 14:50:24,victim-app-6f664c9b59-8w5t5,0
2026-06-20 14:50:39,victim-app-6f664c9b59-8w5t5,0
2026-06-20 14:50:54,victim-app-6f664c9b59-8w5t5,0
2026-06-20 14:51:09,victim-app-6f664c9b59-8w5t5,0
2026-06-20 14:51:24,victim-app-6f664c9b59-8w5t5,0
2026-06-20 14:51:39,victim-app-6f664c9b59-8w5t5,0
2026-06-20 14:51:54,victim-app-6f664c9b59-8w5t5,0
2026-06-20 14:52:09,victim-app-6f664c9b59-8w5t5,0
2026-06-20 14:52:24,victim-app-6f664c9b59-8w5t5,0
2026-06-20 14:52:39,victim-app-6f664c9b59-8w5t5,0
2026-06-20 14:52:54,victim-app-6f664c9b59-8w5t5,0
2026-06-20 14:53:09,victim-app-6f664c9b59-8w5t5,0
2026-06-20 14:53:24,victim-app-6f664c9b59-8w5t5,0
2026-06-20 14:53:39,victim-app-6f664c9b59-8w5t5,0
2026-06-20 14:53:54,victim-app-6f664c9b59-8w5t5,0
2026-06-20 14:54:09,victim-app-6f664c9b59-8w5t5,0
2026-06-20 14:54:24,victim-app-6f664c9b59-8w5t5,0
2026-06-20 14:54:39,victim-app-6f664c9b59-8w5t5,0
2026-06-20 14:54:54,victim-app-6f664c9b59-8w5t5,0
2026-06-20 14:55:09,victim-app-6f664c9b59-8w5t5,0
2026-06-20 14:55:24,victim-app-6f664c9b59-8w5t5,0
2026-06-20 14:55:39,victim-app-6f664c9b59-8w5t5,0
2026-06-20 14:55:54,victim-app-6f664c9b59-8w5t5,0
2026-06-20 14:56:09,victim-app-6f664c9b59-8w5t5,0
2026-06-20 14:56:24,victim-app-6f664c9b59-8w5t5,0
2026-06-20 14:56:39,victim-app-6f664c9b59-8w5t5,0
2026-06-20 14:56:54,victim-app-6f664c9b59-8w5t5,0
2026-06-20 14:57:09,victim-app-6f664c9b59-8w5t5,0
2026-06-20 14:57:24,victim-app-6f664c9b59-8w5t5,0
2026-06-20 14:57:39,victim-app-6f664c9b59-8w5t5,0
2026-06-20 14:57:54,victim-app-6f664c9b59-8w5t5,0
2026-06-20 14:58:09,victim-app-6f664c9b59-8w5t5,0
2026-06-20 14:58:24,victim-app-6f664c9b59-8w5t5,0
2026-06-20 14:58:39,victim-app-6f664c9b59-8w5t5,0
2026-06-20 14:58:54,victim-app-6f664c9b59-8w5t5,0
2026-06-20 14:59:09,victim-app-6f664c9b59-8w5t5,0
2026-06-20 14:59:24,victim-app-6f664c9b59-8w5t5,0
2026-06-20 14:59:39,victim-app-6f664c9b59-8w5t5,0
2026-06-20 14:59:54,victim-app-6f664c9b59-8w5t5,0
2026-06-20 15:00:09,victim-app-6f664c9b59-8w5t5,0
2026-06-20 15:00:24,victim-app-6f664c9b59-8w5t5,0
2026-06-20 15:00:39,victim-app-6f664c9b59-8w5t5,0
2026-06-20 15:00:54,victim-app-6f664c9b59-8w5t5,0
2026-06-20 15:01:09,victim-app-6f664c9b59-8w5t5,0
2026-06-20 15:01:24,victim-app-6f664c9b59-8w5t5,0
2026-06-20 15:01:39,victim-app-6f664c9b59-8w5t5,0
2026-06-20 15:01:54,victim-app-6f664c9b59-8w5t5,0
2026-06-20 15:02:09,victim-app-6f664c9b59-8w5t5,0
2026-06-20 15:02:24,victim-app-6f664c9b59-8w5t5,0
2026-06-20 15:02:39,victim-app-6f664c9b59-8w5t5,0
2026-06-20 15:02:54,victim-app-6f664c9b59-8w5t5,0
2026-06-20 15:03:09,victim-app-6f664c9b59-8w5t5,0
2026-06-20 15:03:24,victim-app-6f664c9b59-8w5t5,0
2026-06-20 15:03:39,victim-app-6f664c9b59-8w5t5,0
2026-06-20 15:03:54,victim-app-6f664c9b59-8w5t5,0
2026-06-20 15:04:09,victim-app-6f664c9b59-8w5t5,0
2026-06-20 15:04:24,victim-app-6f664c9b59-8w5t5,0
2026-06-20 15:04:39,victim-app-6f664c9b59-8w5t5,0
2026-06-20 15:04:54,victim-app-6f664c9b59-8w5t5,0
2026-06-20 15:05:09,victim-app-6f664c9b59-8w5t5,0
2026-06-20 15:05:24,victim-app-6f664c9b59-8w5t5,0
2026-06-20 15:05:39,victim-app-6f664c9b59-8w5t5,0
2026-06-20 15:05:54,victim-app-6f664c9b59-8w5t5,0
2026-06-20 15:06:09,victim-app-6f664c9b59-8w5t5,0
2026-06-20 15:06:24,victim-app-6f664c9b59-8w5t5,0
2026-06-20 15:06:39,victim-app-6f664c9b59-8w5t5,0
2026-06-20 15:06:54,victim-app-6f664c9b59-8w5t5,0
2026-06-20 15:07:09,victim-app-6f664c9b59-8w5t5,0
2026-06-20 15:07:24,victim-app-6f664c9b59-8w5t5,0
2026-06-20 15:07:39,victim-app-6f664c9b59-8w5t5,0
2026-06-20 15:07:54,victim-app-6f664c9b59-8w5t5,0
2026-06-20 15:08:09,victim-app-6f664c9b59-8w5t5,0
2026-06-20 15:08:24,victim-app-6f664c9b59-8w5t5,0
2026-06-20 15:08:39,victim-app-6f664c9b59-8w5t5,0
2026-06-20 15:08:54,victim-app-6f664c9b59-8w5t5,0
2026-06-20 15:09:09,victim-app-6f664c9b59-8w5t5,0
2026-06-20 15:09:24,victim-app-6f664c9b59-8w5t5,0
2026-06-20 15:09:39,victim-app-6f664c9b59-8w5t5,0
2026-06-20 15:09:54,victim-app-6f664c9b59-8w5t5,0
2026-06-20 15:10:09,victim-app-6f664c9b59-8w5t5,0
2026-06-20 15:10:24,victim-app-6f664c9b59-8w5t5,0
2026-06-20 15:10:39,victim-app-6f664c9b59-8w5t5,0
2026-06-20 15:10:54,victim-app-6f664c9b59-8w5t5,0
2026-06-20 15:11:09,victim-app-6f664c9b59-8w5t5,0
2026-06-20 15:11:24,victim-app-6f664c9b59-8w5t5,0
2026-06-20 15:11:39,victim-app-6f664c9b59-8w5t5,0
2026-06-20 15:11:54,victim-app-6f664c9b59-8w5t5,0
2026-06-20 15:12:09,victim-app-6f664c9b59-8w5t5,0
2026-06-20 15:12:24,victim-app-6f664c9b59-8w5t5,0
2026-06-20 15:12:39,victim-app-6f664c9b59-8w5t5,0
2026-06-20 15:12:54,victim-app-6f664c9b59-8w5t5,0
2026-06-20 15:13:09,victim-app-6f664c9b59-8w5t5,0
2026-06-20 15:13:24,victim-app-6f664c9b59-8w5t5,0
2026-06-20 15:13:39,victim-app-6f664c9b59-8w5t5,0
2026-06-20 15:13:54,victim-app-6f664c9b59-8w5t5,0
2026-06-20 15:14:09,victim-app-6f664c9b59-8w5t5,0
2026-06-20 15:14:24,victim-app-6f664c9b59-8w5t5,0
2026-06-20 15:14:39,victim-app-6f664c9b59-8w5t5,0
2026-06-20 15:14:54,victim-app-6f664c9b59-8w5t5,0
2026-06-20 15:15:09,victim-app-6f664c9b59-8w5t5,0
2026-06-20 15:15:24,victim-app-6f664c9b59-8w5t5,0
2026-06-20 15:15:39,victim-app-6f664c9b59-8w5t5,0
2026-06-20 15:15:54,victim-app-6f664c9b59-8w5t5,0
2026-06-20 15:16:09,victim-app-6f664c9b59-8w5t5,0
2026-06-20 15:16:24,victim-app-6f664c9b59-8w5t5,0
2026-06-20 15:16:39,victim-app-6f664c9b59-8w5t5,0
2026-06-20 15:16:54,victim-app-6f664c9b59-8w5t5,0
2026-06-20 15:17:09,victim-app-6f664c9b59-8w5t5,0
2026-06-20 15:17:24,victim-app-6f664c9b59-8w5t5,0
2026-06-20 15:17:39,victim-app-6f664c9b59-8w5t5,0
2026-06-20 15:17:54,victim-app-6f664c9b59-8w5t5,0
2026-06-20 15:18:09,victim-app-6f664c9b59-8w5t5,0
2026-06-20 15:18:24,victim-app-6f664c9b59-8w5t5,0
2026-06-20 15:18:39,victim-app-6f664c9b59-8w5t5,0
2026-06-20 15:18:54,victim-app-6f664c9b59-8w5t5,0
2026-06-20 15:19:09,victim-app-6f664c9b59-8w5t5,0
2026-06-20 15:19:24,victim-app-6f664c9b59-8w5t5,0
2026-06-20 15:19:39,victim-app-6f664c9b59-8w5t5,0
2026-06-20 15:19:54,victim-app-6f664c9b59-8w5t5,0
2026-06-20 15:20:09,victim-app-6f664c9b59-8w5t5,0
2026-06-20 15:20:24,victim-app-6f664c9b59-8w5t5,0
2026-06-20 15:20:39,victim-app-6f664c9b59-8w5t5,0
2026-06-20 15:20:54,victim-app-6f664c9b59-8w5t5,0
2026-06-20 15:21:09,victim-app-6f664c9b59-8w5t5,0
2026-06-20 15:21:24,victim-app-6f664c9b59-8w5t5,0
2026-06-20 15:21:39,victim-app-6f664c9b59-8w5t5,0
2026-06-20 15:21:54,victim-app-6f664c9b59-8w5t5,0
2026-06-20 15:22:09,victim-app-6f664c9b59-8w5t5,0
2026-06-20 15:22:24,victim-app-6f664c9b59-8w5t5,0
2026-06-20 15:22:39,victim-app-6f664c9b59-8w5t5,0
2026-06-20 15:22:54,victim-app-6f664c9b59-8w5t5,0
2026-06-20 15:23:09,victim-app-6f664c9b59-8w5t5,0
2026-06-20 15:23:24,victim-app-6f664c9b59-8w5t5,0
2026-06-20 15:23:39,victim-app-6f664c9b59-8w5t5,0
2026-06-20 15:23:54,victim-app-6f664c9b59-8w5t5,0
2026-06-20 15:24:09,victim-app-6f664c9b59-8w5t5,0
2026-06-20 15:24:24,victim-app-6f664c9b59-8w5t5,0
2026-06-20 15:24:39,victim-app-6f664c9b59-8w5t5,0
2026-06-20 15:24:54,victim-app-6f664c9b59-8w5t5,0
2026-06-20 15:25:09,victim-app-6f664c9b59-8w5t5,0
2026-06-20 15:25:24,victim-app-6f664c9b59-8w5t5,0
2026-06-20 15:25:39,victim-app-6f664c9b59-8w5t5,0
2026-06-20 15:25:54,victim-app-6f664c9b59-8w5t5,0
2026-06-20 15:26:09,victim-app-6f664c9b59-8w5t5,0
2026-06-20 15:26:24,victim-app-6f664c9b59-8w5t5,0
2026-06-20 15:26:39,victim-app-6f664c9b59-8w5t5,0
2026-06-20 15:26:54,victim-app-6f664c9b59-8w5t5,0
2026-06-20 15:27:09,victim-app-6f664c9b59-8w5t5,0
2026-06-20 15:27:24,victim-app-6f664c9b59-8w5t5,0
2026-06-20 15:27:39,victim-app-6f664c9b59-8w5t5,0
2026-06-20 15:27:54,victim-app-6f664c9b59-8w5t5,0
2026-06-20 15:28:09,victim-app-6f664c9b59-8w5t5,0
2026-06-20 15:28:24,victim-app-6f664c9b59-8w5t5,0
2026-06-20 15:28:39,victim-app-6f664c9b59-8w5t5,0
2026-06-20 15:28:54,victim-app-6f664c9b59-8w5t5,0
2026-06-20 15:29:09,victim-app-6f664c9b59-8w5t5,0
2026-06-20 15:29:24,victim-app-6f664c9b59-8w5t5,0
2026-06-20 15:29:39,victim-app-6f664c9b59-8w5t5,0
2026-06-20 15:29:54,victim-app-6f664c9b59-8w5t5,0
2026-06-20 15:30:09,victim-app-6f664c9b59-8w5t5,0
2026-06-20 15:30:24,victim-app-6f664c9b59-8w5t5,0
2026-06-20 15:30:39,victim-app-6f664c9b59-8w5t5,0
2026-06-20 15:30:54,victim-app-6f664c9b59-8w5t5,0
2026-06-20 15:31:09,victim-app-6f664c9b59-8w5t5,0
2026-06-20 15:31:24,victim-app-6f664c9b59-8w5t5,0
2026-06-20 15:31:39,victim-app-6f664c9b59-8w5t5,0
2026-06-20 15:31:54,victim-app-6f664c9b59-8w5t5,0
2026-06-20 15:32:09,victim-app-6f664c9b59-8w5t5,0
2026-06-20 15:32:24,victim-app-6f664c9b59-8w5t5,0
2026-06-20 15:32:39,victim-app-6f664c9b59-8w5t5,0
2026-06-20 15:32:54,victim-app-6f664c9b59-8w5t5,0
2026-06-20 15:33:09,victim-app-6f664c9b59-8w5t5,0
2026-06-20 15:33:24,victim-app-6f664c9b59-8w5t5,0
2026-06-20 15:33:39,victim-app-6f664c9b59-8w5t5,0
2026-06-20 15:33:54,victim-app-6f664c9b59-8w5t5,0
2026-06-20 15:34:09,victim-app-6f664c9b59-8w5t5,0
2026-06-20 15:34:24,victim-app-6f664c9b59-8w5t5,0
2026-06-20 15:34:39,victim-app-6f664c9b59-8w5t5,0
2026-06-20 15:34:54,victim-app-6f664c9b59-8w5t5,0
2026-06-20 15:35:09,victim-app-6f664c9b59-8w5t5,0
2026-06-20 15:35:24,victim-app-6f664c9b59-8w5t5,0
2026-06-20 15:35:39,victim-app-6f664c9b59-8w5t5,0
2026-06-20 15:35:54,victim-app-6f664c9b59-8w5t5,0
2026-06-20 15:36:09,victim-app-6f664c9b59-8w5t5,0
2026-06-20 15:36:24,victim-app-6f664c9b59-8w5t5,0
2026-06-20 15:36:39,victim-app-6f664c9b59-8w5t5,0
2026-06-20 15:36:54,victim-app-6f664c9b59-8w5t5,0
2026-06-20 15:37:09,victim-app-6f664c9b59-8w5t5,0
2026-06-20 15:37:24,victim-app-6f664c9b59-8w5t5,0
2026-06-20 15:37:39,victim-app-6f664c9b59-8w5t5,0
2026-06-20 15:37:54,victim-app-6f664c9b59-8w5t5,0
2026-06-20 15:38:09,victim-app-6f664c9b59-8w5t5,0
2026-06-20 15:38:24,victim-app-6f664c9b59-8w5t5,0
2026-06-20 15:38:39,victim-app-6f664c9b59-8w5t5,0
2026-06-20 15:38:54,victim-app-6f664c9b59-8w5t5,0
2026-06-20 15:39:09,victim-app-6f664c9b59-8w5t5,0
2026-06-20 15:39:24,victim-app-6f664c9b59-8w5t5,0
2026-06-20 15:39:39,victim-app-6f664c9b59-8w5t5,0
2026-06-20 15:39:54,victim-app-6f664c9b59-8w5t5,0
2026-06-20 15:40:09,victim-app-6f664c9b59-8w5t5,0
2026-06-20 15:40:24,victim-app-6f664c9b59-8w5t5,0
2026-06-20 15:40:39,victim-app-6f664c9b59-8w5t5,0
2026-06-20 15:40:54,victim-app-6f664c9b59-8w5t5,0
2026-06-20 15:41:09,victim-app-6f664c9b59-8w5t5,0
2026-06-20 15:41:24,victim-app-6f664c9b59-8w5t5,0
2026-06-20 15:41:39,victim-app-6f664c9b59-8w5t5,0
2026-06-20 15:41:54,victim-app-6f664c9b59-8w5t5,0
2026-06-20 15:42:09,victim-app-6f664c9b59-8w5t5,0
2026-06-20 15:42:24,victim-app-6f664c9b59-8w5t5,0
2026-06-20 15:42:39,victim-app-6f664c9b59-8w5t5,0
2026-06-20 15:42:54,victim-app-6f664c9b59-8w5t5,0
2026-06-20 15:43:09,victim-app-6f664c9b59-8w5t5,0
2026-06-20 15:43:24,victim-app-6f664c9b59-8w5t5,0
2026-06-20 15:43:39,victim-app-6f664c9b59-8w5t5,0
2026-06-20 15:43:54,victim-app-6f664c9b59-8w5t5,0
2026-06-20 15:44:09,victim-app-6f664c9b59-8w5t5,0
2026-06-20 15:44:24,victim-app-6f664c9b59-8w5t5,0
2026-06-20 15:44:39,victim-app-6f664c9b59-8w5t5,0
2026-06-20 15:44:54,victim-app-6f664c9b59-8w5t5,0
2026-06-20 15:45:09,victim-app-6f664c9b59-8w5t5,0
2026-06-20 15:45:24,victim-app-6f664c9b59-8w5t5,0
2026-06-20 15:45:39,victim-app-6f664c9b59-8w5t5,0
2026-06-20 15:45:54,victim-app-6f664c9b59-8w5t5,0
2026-06-20 12:45:54,victim-app-6f664c9b59-qf8cj,0
2026-06-20 12:46:09,victim-app-6f664c9b59-qf8cj,0
2026-06-20 12:46:24,victim-app-6f664c9b59-qf8cj,0
2026-06-20 12:46:39,victim-app-6f664c9b59-qf8cj,0
2026-06-20 12:46:54,victim-app-6f664c9b59-qf8cj,0
2026-06-20 12:47:09,victim-app-6f664c9b59-qf8cj,0
2026-06-20 12:47:24,victim-app-6f664c9b59-qf8cj,0
2026-06-20 12:47:39,victim-app-6f664c9b59-qf8cj,0
2026-06-20 12:47:54,victim-app-6f664c9b59-qf8cj,0
2026-06-20 12:48:09,victim-app-6f664c9b59-qf8cj,0
2026-06-20 12:48:24,victim-app-6f664c9b59-qf8cj,0
2026-06-20 12:48:39,victim-app-6f664c9b59-qf8cj,0
2026-06-20 12:48:54,victim-app-6f664c9b59-qf8cj,0
2026-06-20 12:49:09,victim-app-6f664c9b59-qf8cj,0
2026-06-20 12:49:24,victim-app-6f664c9b59-qf8cj,0
2026-06-20 12:49:39,victim-app-6f664c9b59-qf8cj,0
2026-06-20 12:49:54,victim-app-6f664c9b59-qf8cj,0
2026-06-20 12:50:09,victim-app-6f664c9b59-qf8cj,0
2026-06-20 12:50:24,victim-app-6f664c9b59-qf8cj,0
2026-06-20 12:50:39,victim-app-6f664c9b59-qf8cj,0
2026-06-20 12:50:54,victim-app-6f664c9b59-qf8cj,0
2026-06-20 12:51:09,victim-app-6f664c9b59-qf8cj,0
2026-06-20 12:51:24,victim-app-6f664c9b59-qf8cj,0
2026-06-20 12:51:39,victim-app-6f664c9b59-qf8cj,0
2026-06-20 12:51:54,victim-app-6f664c9b59-qf8cj,0
2026-06-20 12:52:09,victim-app-6f664c9b59-qf8cj,0
2026-06-20 12:52:24,victim-app-6f664c9b59-qf8cj,0
2026-06-20 12:52:39,victim-app-6f664c9b59-qf8cj,0
2026-06-20 12:52:54,victim-app-6f664c9b59-qf8cj,0
2026-06-20 12:53:09,victim-app-6f664c9b59-qf8cj,0
2026-06-20 12:53:24,victim-app-6f664c9b59-qf8cj,0
2026-06-20 12:53:39,victim-app-6f664c9b59-qf8cj,0
2026-06-20 12:53:54,victim-app-6f664c9b59-qf8cj,0
2026-06-20 12:54:09,victim-app-6f664c9b59-qf8cj,0
2026-06-20 12:54:24,victim-app-6f664c9b59-qf8cj,0
2026-06-20 12:54:39,victim-app-6f664c9b59-qf8cj,0
2026-06-20 12:54:54,victim-app-6f664c9b59-qf8cj,0
2026-06-20 12:55:09,victim-app-6f664c9b59-qf8cj,0
2026-06-20 12:55:24,victim-app-6f664c9b59-qf8cj,0
2026-06-20 12:55:39,victim-app-6f664c9b59-qf8cj,0
2026-06-20 12:55:54,victim-app-6f664c9b59-qf8cj,0
2026-06-20 12:56:09,victim-app-6f664c9b59-qf8cj,0
2026-06-20 12:56:24,victim-app-6f664c9b59-qf8cj,0
2026-06-20 12:56:39,victim-app-6f664c9b59-qf8cj,0
2026-06-20 12:56:54,victim-app-6f664c9b59-qf8cj,0
2026-06-20 12:57:09,victim-app-6f664c9b59-qf8cj,0
2026-06-20 12:57:24,victim-app-6f664c9b59-qf8cj,0
2026-06-20 12:57:39,victim-app-6f664c9b59-qf8cj,0
2026-06-20 12:57:54,victim-app-6f664c9b59-qf8cj,0
2026-06-20 12:58:09,victim-app-6f664c9b59-qf8cj,0
2026-06-20 12:58:24,victim-app-6f664c9b59-qf8cj,0
2026-06-20 12:58:39,victim-app-6f664c9b59-qf8cj,0
2026-06-20 12:58:54,victim-app-6f664c9b59-qf8cj,0
2026-06-20 12:59:09,victim-app-6f664c9b59-qf8cj,0
2026-06-20 12:59:24,victim-app-6f664c9b59-qf8cj,0
2026-06-20 12:59:39,victim-app-6f664c9b59-qf8cj,0
2026-06-20 12:59:54,victim-app-6f664c9b59-qf8cj,0
2026-06-20 13:00:09,victim-app-6f664c9b59-qf8cj,0
2026-06-20 13:00:24,victim-app-6f664c9b59-qf8cj,0
2026-06-20 13:00:39,victim-app-6f664c9b59-qf8cj,0
2026-06-20 13:00:54,victim-app-6f664c9b59-qf8cj,0
2026-06-20 13:01:09,victim-app-6f664c9b59-qf8cj,0
2026-06-20 13:01:24,victim-app-6f664c9b59-qf8cj,0
2026-06-20 13:01:39,victim-app-6f664c9b59-qf8cj,0
2026-06-20 13:01:54,victim-app-6f664c9b59-qf8cj,0
2026-06-20 13:02:09,victim-app-6f664c9b59-qf8cj,0
2026-06-20 13:02:24,victim-app-6f664c9b59-qf8cj,0
2026-06-20 13:02:39,victim-app-6f664c9b59-qf8cj,0
2026-06-20 13:02:54,victim-app-6f664c9b59-qf8cj,0
2026-06-20 13:03:09,victim-app-6f664c9b59-qf8cj,0
2026-06-20 13:03:24,victim-app-6f664c9b59-qf8cj,0
2026-06-20 13:03:39,victim-app-6f664c9b59-qf8cj,0
2026-06-20 13:03:54,victim-app-6f664c9b59-qf8cj,0
2026-06-20 13:04:09,victim-app-6f664c9b59-qf8cj,0
2026-06-20 13:04:24,victim-app-6f664c9b59-qf8cj,0
2026-06-20 13:04:39,victim-app-6f664c9b59-qf8cj,0
2026-06-20 13:04:54,victim-app-6f664c9b59-qf8cj,0
2026-06-20 13:05:09,victim-app-6f664c9b59-qf8cj,0
2026-06-20 13:05:24,victim-app-6f664c9b59-qf8cj,0
2026-06-20 13:05:39,victim-app-6f664c9b59-qf8cj,0
2026-06-20 13:05:54,victim-app-6f664c9b59-qf8cj,0
2026-06-20 13:06:09,victim-app-6f664c9b59-qf8cj,0
2026-06-20 13:06:24,victim-app-6f664c9b59-qf8cj,0
2026-06-20 13:06:39,victim-app-6f664c9b59-qf8cj,0
2026-06-20 13:06:54,victim-app-6f664c9b59-qf8cj,0
2026-06-20 13:07:09,victim-app-6f664c9b59-qf8cj,0
2026-06-20 13:07:24,victim-app-6f664c9b59-qf8cj,0
2026-06-20 13:07:39,victim-app-6f664c9b59-qf8cj,0
2026-06-20 13:07:54,victim-app-6f664c9b59-qf8cj,0
2026-06-20 13:08:09,victim-app-6f664c9b59-qf8cj,0
2026-06-20 13:08:24,victim-app-6f664c9b59-qf8cj,0
2026-06-20 13:08:39,victim-app-6f664c9b59-qf8cj,0
2026-06-20 13:08:54,victim-app-6f664c9b59-qf8cj,0
2026-06-20 13:09:09,victim-app-6f664c9b59-qf8cj,0
2026-06-20 13:09:24,victim-app-6f664c9b59-qf8cj,0
2026-06-20 13:09:39,victim-app-6f664c9b59-qf8cj,0
2026-06-20 13:09:54,victim-app-6f664c9b59-qf8cj,0
2026-06-20 13:10:09,victim-app-6f664c9b59-qf8cj,0
2026-06-20 13:10:24,victim-app-6f664c9b59-qf8cj,0
2026-06-20 13:10:39,victim-app-6f664c9b59-qf8cj,0
2026-06-20 13:10:54,victim-app-6f664c9b59-qf8cj,0
2026-06-20 13:11:09,victim-app-6f664c9b59-qf8cj,0
2026-06-20 13:11:24,victim-app-6f664c9b59-qf8cj,0
2026-06-20 13:11:39,victim-app-6f664c9b59-qf8cj,0
2026-06-20 13:11:54,victim-app-6f664c9b59-qf8cj,0
2026-06-20 13:12:09,victim-app-6f664c9b59-qf8cj,0
2026-06-20 13:12:24,victim-app-6f664c9b59-qf8cj,0
2026-06-20 13:12:39,victim-app-6f664c9b59-qf8cj,0
2026-06-20 13:12:54,victim-app-6f664c9b59-qf8cj,0
2026-06-20 13:13:09,victim-app-6f664c9b59-qf8cj,0
2026-06-20 13:13:24,victim-app-6f664c9b59-qf8cj,0
2026-06-20 13:13:39,victim-app-6f664c9b59-qf8cj,0
2026-06-20 13:13:54,victim-app-6f664c9b59-qf8cj,0
2026-06-20 13:14:09,victim-app-6f664c9b59-qf8cj,0
2026-06-20 13:14:24,victim-app-6f664c9b59-qf8cj,0
2026-06-20 13:14:39,victim-app-6f664c9b59-qf8cj,0
2026-06-20 13:14:54,victim-app-6f664c9b59-qf8cj,0
2026-06-20 13:15:09,victim-app-6f664c9b59-qf8cj,0
2026-06-20 13:15:24,victim-app-6f664c9b59-qf8cj,0
2026-06-20 13:15:39,victim-app-6f664c9b59-qf8cj,0
2026-06-20 13:15:54,victim-app-6f664c9b59-qf8cj,0
2026-06-20 13:16:09,victim-app-6f664c9b59-qf8cj,0
2026-06-20 13:16:24,victim-app-6f664c9b59-qf8cj,0
2026-06-20 13:16:39,victim-app-6f664c9b59-qf8cj,0
2026-06-20 13:16:54,victim-app-6f664c9b59-qf8cj,0
2026-06-20 13:17:09,victim-app-6f664c9b59-qf8cj,0
2026-06-20 13:17:24,victim-app-6f664c9b59-qf8cj,0
2026-06-20 13:17:39,victim-app-6f664c9b59-qf8cj,0
2026-06-20 13:17:54,victim-app-6f664c9b59-qf8cj,0
2026-06-20 13:18:09,victim-app-6f664c9b59-qf8cj,0
2026-06-20 13:18:24,victim-app-6f664c9b59-qf8cj,0
2026-06-20 13:18:39,victim-app-6f664c9b59-qf8cj,0
2026-06-20 13:18:54,victim-app-6f664c9b59-qf8cj,0
2026-06-20 13:19:09,victim-app-6f664c9b59-qf8cj,0
2026-06-20 13:19:24,victim-app-6f664c9b59-qf8cj,0
2026-06-20 13:19:39,victim-app-6f664c9b59-qf8cj,0
2026-06-20 13:19:54,victim-app-6f664c9b59-qf8cj,0
2026-06-20 13:20:09,victim-app-6f664c9b59-qf8cj,0
2026-06-20 13:20:24,victim-app-6f664c9b59-qf8cj,0
2026-06-20 13:20:39,victim-app-6f664c9b59-qf8cj,0
2026-06-20 13:20:54,victim-app-6f664c9b59-qf8cj,0
2026-06-20 13:21:09,victim-app-6f664c9b59-qf8cj,0
2026-06-20 13:21:24,victim-app-6f664c9b59-qf8cj,0
2026-06-20 13:21:39,victim-app-6f664c9b59-qf8cj,0
2026-06-20 13:21:54,victim-app-6f664c9b59-qf8cj,0
2026-06-20 13:22:09,victim-app-6f664c9b59-qf8cj,0
2026-06-20 13:22:24,victim-app-6f664c9b59-qf8cj,0
2026-06-20 13:22:39,victim-app-6f664c9b59-qf8cj,0
2026-06-20 13:22:54,victim-app-6f664c9b59-qf8cj,0
2026-06-20 13:23:09,victim-app-6f664c9b59-qf8cj,0
2026-06-20 13:23:24,victim-app-6f664c9b59-qf8cj,0
2026-06-20 13:23:39,victim-app-6f664c9b59-qf8cj,0
2026-06-20 13:23:54,victim-app-6f664c9b59-qf8cj,0
2026-06-20 13:24:09,victim-app-6f664c9b59-qf8cj,0
2026-06-20 13:24:24,victim-app-6f664c9b59-qf8cj,0
2026-06-20 13:24:39,victim-app-6f664c9b59-qf8cj,0
2026-06-20 13:24:54,victim-app-6f664c9b59-qf8cj,0
2026-06-20 13:25:09,victim-app-6f664c9b59-qf8cj,0
2026-06-20 13:25:24,victim-app-6f664c9b59-qf8cj,0
2026-06-20 13:25:39,victim-app-6f664c9b59-qf8cj,0
2026-06-20 13:25:54,victim-app-6f664c9b59-qf8cj,0
2026-06-20 13:26:09,victim-app-6f664c9b59-qf8cj,0
2026-06-20 13:26:24,victim-app-6f664c9b59-qf8cj,0
2026-06-20 13:26:39,victim-app-6f664c9b59-qf8cj,0
2026-06-20 13:26:54,victim-app-6f664c9b59-qf8cj,0
2026-06-20 13:27:09,victim-app-6f664c9b59-qf8cj,0
2026-06-20 13:27:24,victim-app-6f664c9b59-qf8cj,0
2026-06-20 13:27:39,victim-app-6f664c9b59-qf8cj,0
2026-06-20 13:27:54,victim-app-6f664c9b59-qf8cj,0
2026-06-20 13:28:09,victim-app-6f664c9b59-qf8cj,0
2026-06-20 13:28:24,victim-app-6f664c9b59-qf8cj,0
2026-06-20 13:28:39,victim-app-6f664c9b59-qf8cj,0
2026-06-20 13:28:54,victim-app-6f664c9b59-qf8cj,0
2026-06-20 13:29:09,victim-app-6f664c9b59-qf8cj,0
2026-06-20 13:29:24,victim-app-6f664c9b59-qf8cj,0
2026-06-20 13:29:39,victim-app-6f664c9b59-qf8cj,0
2026-06-20 13:29:54,victim-app-6f664c9b59-qf8cj,0
2026-06-20 13:30:09,victim-app-6f664c9b59-qf8cj,0
2026-06-20 13:30:24,victim-app-6f664c9b59-qf8cj,0
2026-06-20 13:30:39,victim-app-6f664c9b59-qf8cj,0
2026-06-20 13:30:54,victim-app-6f664c9b59-qf8cj,0
2026-06-20 13:31:09,victim-app-6f664c9b59-qf8cj,0
2026-06-20 13:31:24,victim-app-6f664c9b59-qf8cj,0
2026-06-20 13:31:39,victim-app-6f664c9b59-qf8cj,0
2026-06-20 13:31:54,victim-app-6f664c9b59-qf8cj,0
2026-06-20 13:32:09,victim-app-6f664c9b59-qf8cj,0
2026-06-20 13:32:24,victim-app-6f664c9b59-qf8cj,0
2026-06-20 13:32:39,victim-app-6f664c9b59-qf8cj,0
2026-06-20 13:32:54,victim-app-6f664c9b59-qf8cj,0
2026-06-20 13:33:09,victim-app-6f664c9b59-qf8cj,0
2026-06-20 13:33:24,victim-app-6f664c9b59-qf8cj,0
2026-06-20 13:33:39,victim-app-6f664c9b59-qf8cj,0
2026-06-20 13:33:54,victim-app-6f664c9b59-qf8cj,0
2026-06-20 13:34:09,victim-app-6f664c9b59-qf8cj,0
2026-06-20 13:34:24,victim-app-6f664c9b59-qf8cj,0
2026-06-20 13:34:39,victim-app-6f664c9b59-qf8cj,0
2026-06-20 13:34:54,victim-app-6f664c9b59-qf8cj,0
2026-06-20 13:35:09,victim-app-6f664c9b59-qf8cj,0
2026-06-20 13:35:24,victim-app-6f664c9b59-qf8cj,0
2026-06-20 13:35:39,victim-app-6f664c9b59-qf8cj,0
2026-06-20 13:35:54,victim-app-6f664c9b59-qf8cj,0
2026-06-20 13:36:09,victim-app-6f664c9b59-qf8cj,0
2026-06-20 13:36:24,victim-app-6f664c9b59-qf8cj,0
2026-06-20 13:36:39,victim-app-6f664c9b59-qf8cj,0
2026-06-20 13:36:54,victim-app-6f664c9b59-qf8cj,0
2026-06-20 13:37:09,victim-app-6f664c9b59-qf8cj,0
2026-06-20 13:37:24,victim-app-6f664c9b59-qf8cj,0
2026-06-20 13:37:39,victim-app-6f664c9b59-qf8cj,0
2026-06-20 13:37:54,victim-app-6f664c9b59-qf8cj,0
2026-06-20 13:38:09,victim-app-6f664c9b59-qf8cj,0
2026-06-20 13:38:24,victim-app-6f664c9b59-qf8cj,0
2026-06-20 13:38:39,victim-app-6f664c9b59-qf8cj,0
2026-06-20 13:38:54,victim-app-6f664c9b59-qf8cj,0
2026-06-20 13:39:09,victim-app-6f664c9b59-qf8cj,0
2026-06-20 13:39:24,victim-app-6f664c9b59-qf8cj,0
2026-06-20 13:39:39,victim-app-6f664c9b59-qf8cj,0
2026-06-20 13:39:54,victim-app-6f664c9b59-qf8cj,0
2026-06-20 13:40:09,victim-app-6f664c9b59-qf8cj,0
2026-06-20 13:40:24,victim-app-6f664c9b59-qf8cj,0
2026-06-20 13:40:39,victim-app-6f664c9b59-qf8cj,0
2026-06-20 13:40:54,victim-app-6f664c9b59-qf8cj,0
2026-06-20 13:41:09,victim-app-6f664c9b59-qf8cj,0
2026-06-20 13:41:24,victim-app-6f664c9b59-qf8cj,0
2026-06-20 13:41:39,victim-app-6f664c9b59-qf8cj,0
2026-06-20 13:41:54,victim-app-6f664c9b59-qf8cj,0
2026-06-20 13:42:09,victim-app-6f664c9b59-qf8cj,0
2026-06-20 13:42:24,victim-app-6f664c9b59-qf8cj,0
2026-06-20 13:42:39,victim-app-6f664c9b59-qf8cj,0
2026-06-20 13:42:54,victim-app-6f664c9b59-qf8cj,0
2026-06-20 13:43:09,victim-app-6f664c9b59-qf8cj,0
2026-06-20 13:43:24,victim-app-6f664c9b59-qf8cj,0
2026-06-20 13:43:39,victim-app-6f664c9b59-qf8cj,0
2026-06-20 13:43:54,victim-app-6f664c9b59-qf8cj,0
2026-06-20 13:44:09,victim-app-6f664c9b59-qf8cj,0
2026-06-20 13:44:24,victim-app-6f664c9b59-qf8cj,0
2026-06-20 13:44:39,victim-app-6f664c9b59-qf8cj,0
2026-06-20 13:44:54,victim-app-6f664c9b59-qf8cj,0
2026-06-20 13:45:09,victim-app-6f664c9b59-qf8cj,0
2026-06-20 13:45:24,victim-app-6f664c9b59-qf8cj,0
2026-06-20 13:45:39,victim-app-6f664c9b59-qf8cj,0
2026-06-20 13:45:54,victim-app-6f664c9b59-qf8cj,0
2026-06-20 13:46:09,victim-app-6f664c9b59-qf8cj,0
2026-06-20 13:46:24,victim-app-6f664c9b59-qf8cj,0
2026-06-20 13:46:39,victim-app-6f664c9b59-qf8cj,0
2026-06-20 13:46:54,victim-app-6f664c9b59-qf8cj,0
2026-06-20 13:47:09,victim-app-6f664c9b59-qf8cj,0
2026-06-20 13:47:24,victim-app-6f664c9b59-qf8cj,0
2026-06-20 13:47:39,victim-app-6f664c9b59-qf8cj,0
2026-06-20 13:47:54,victim-app-6f664c9b59-qf8cj,0
2026-06-20 13:48:09,victim-app-6f664c9b59-qf8cj,0
2026-06-20 13:48:24,victim-app-6f664c9b59-qf8cj,0
2026-06-20 13:48:39,victim-app-6f664c9b59-qf8cj,0
2026-06-20 13:48:54,victim-app-6f664c9b59-qf8cj,0
2026-06-20 13:49:09,victim-app-6f664c9b59-qf8cj,0
2026-06-20 13:49:24,victim-app-6f664c9b59-qf8cj,0
2026-06-20 13:49:39,victim-app-6f664c9b59-qf8cj,0
2026-06-20 13:49:54,victim-app-6f664c9b59-qf8cj,0
2026-06-20 13:50:09,victim-app-6f664c9b59-qf8cj,0
2026-06-20 13:50:24,victim-app-6f664c9b59-qf8cj,0
2026-06-20 13:50:39,victim-app-6f664c9b59-qf8cj,0
2026-06-20 13:50:54,victim-app-6f664c9b59-qf8cj,0
2026-06-20 13:51:09,victim-app-6f664c9b59-qf8cj,0
2026-06-20 13:51:24,victim-app-6f664c9b59-qf8cj,0
2026-06-20 13:51:39,victim-app-6f664c9b59-qf8cj,0
2026-06-20 13:51:54,victim-app-6f664c9b59-qf8cj,0
2026-06-20 13:52:09,victim-app-6f664c9b59-qf8cj,0
2026-06-20 13:52:24,victim-app-6f664c9b59-qf8cj,0
2026-06-20 13:52:39,victim-app-6f664c9b59-qf8cj,0
2026-06-20 13:52:54,victim-app-6f664c9b59-qf8cj,0
2026-06-20 13:53:09,victim-app-6f664c9b59-qf8cj,0
2026-06-20 13:53:24,victim-app-6f664c9b59-qf8cj,0
2026-06-20 13:53:39,victim-app-6f664c9b59-qf8cj,0
2026-06-20 13:53:54,victim-app-6f664c9b59-qf8cj,0
2026-06-20 13:54:09,victim-app-6f664c9b59-qf8cj,0
2026-06-20 13:54:24,victim-app-6f664c9b59-qf8cj,0
2026-06-20 13:54:39,victim-app-6f664c9b59-qf8cj,0
2026-06-20 13:54:54,victim-app-6f664c9b59-qf8cj,0
2026-06-20 13:55:09,victim-app-6f664c9b59-qf8cj,0
2026-06-20 13:55:24,victim-app-6f664c9b59-qf8cj,0
2026-06-20 13:55:39,victim-app-6f664c9b59-qf8cj,0
2026-06-20 13:55:54,victim-app-6f664c9b59-qf8cj,0
2026-06-20 13:56:09,victim-app-6f664c9b59-qf8cj,0
2026-06-20 13:56:24,victim-app-6f664c9b59-qf8cj,0
2026-06-20 13:56:39,victim-app-6f664c9b59-qf8cj,0
2026-06-20 13:56:54,victim-app-6f664c9b59-qf8cj,0
2026-06-20 13:57:09,victim-app-6f664c9b59-qf8cj,0
2026-06-20 13:57:24,victim-app-6f664c9b59-qf8cj,0
2026-06-20 13:57:39,victim-app-6f664c9b59-qf8cj,0
2026-06-20 13:57:54,victim-app-6f664c9b59-qf8cj,0
2026-06-20 13:58:09,victim-app-6f664c9b59-qf8cj,0
2026-06-20 13:58:24,victim-app-6f664c9b59-qf8cj,0
2026-06-20 13:58:39,victim-app-6f664c9b59-qf8cj,0
2026-06-20 13:58:54,victim-app-6f664c9b59-qf8cj,0
2026-06-20 13:59:09,victim-app-6f664c9b59-qf8cj,0
2026-06-20 13:59:24,victim-app-6f664c9b59-qf8cj,0
2026-06-20 13:59:39,victim-app-6f664c9b59-qf8cj,0
2026-06-20 13:59:54,victim-app-6f664c9b59-qf8cj,0
2026-06-20 14:00:09,victim-app-6f664c9b59-qf8cj,0
2026-06-20 14:00:24,victim-app-6f664c9b59-qf8cj,0
2026-06-20 14:00:39,victim-app-6f664c9b59-qf8cj,0
2026-06-20 14:00:54,victim-app-6f664c9b59-qf8cj,0
2026-06-20 14:01:09,victim-app-6f664c9b59-qf8cj,0
2026-06-20 14:01:24,victim-app-6f664c9b59-qf8cj,0
2026-06-20 14:01:39,victim-app-6f664c9b59-qf8cj,0
2026-06-20 14:01:54,victim-app-6f664c9b59-qf8cj,0
2026-06-20 14:02:09,victim-app-6f664c9b59-qf8cj,0
2026-06-20 14:02:24,victim-app-6f664c9b59-qf8cj,0
2026-06-20 14:02:39,victim-app-6f664c9b59-qf8cj,0
2026-06-20 14:02:54,victim-app-6f664c9b59-qf8cj,0
2026-06-20 14:03:09,victim-app-6f664c9b59-qf8cj,0
2026-06-20 14:03:24,victim-app-6f664c9b59-qf8cj,0
2026-06-20 14:03:39,victim-app-6f664c9b59-qf8cj,0
2026-06-20 14:03:54,victim-app-6f664c9b59-qf8cj,0
2026-06-20 14:04:09,victim-app-6f664c9b59-qf8cj,0
2026-06-20 14:04:24,victim-app-6f664c9b59-qf8cj,0
2026-06-20 14:04:39,victim-app-6f664c9b59-qf8cj,0
2026-06-20 14:04:54,victim-app-6f664c9b59-qf8cj,0
2026-06-20 14:05:09,victim-app-6f664c9b59-qf8cj,0
2026-06-20 14:05:24,victim-app-6f664c9b59-qf8cj,0
2026-06-20 14:05:39,victim-app-6f664c9b59-qf8cj,0
2026-06-20 14:05:54,victim-app-6f664c9b59-qf8cj,0
2026-06-20 14:06:09,victim-app-6f664c9b59-qf8cj,0
2026-06-20 14:06:24,victim-app-6f664c9b59-qf8cj,0
2026-06-20 14:06:39,victim-app-6f664c9b59-qf8cj,0
2026-06-20 14:06:54,victim-app-6f664c9b59-qf8cj,0
2026-06-20 14:07:09,victim-app-6f664c9b59-qf8cj,0
2026-06-20 14:07:24,victim-app-6f664c9b59-qf8cj,0
2026-06-20 14:07:39,victim-app-6f664c9b59-qf8cj,0
2026-06-20 14:07:54,victim-app-6f664c9b59-qf8cj,0
2026-06-20 14:08:09,victim-app-6f664c9b59-qf8cj,0
2026-06-20 14:08:24,victim-app-6f664c9b59-qf8cj,0
2026-06-20 14:08:39,victim-app-6f664c9b59-qf8cj,0
2026-06-20 14:08:54,victim-app-6f664c9b59-qf8cj,0
2026-06-20 14:09:09,victim-app-6f664c9b59-qf8cj,0
2026-06-20 14:09:24,victim-app-6f664c9b59-qf8cj,0
2026-06-20 14:09:39,victim-app-6f664c9b59-qf8cj,0
2026-06-20 14:09:54,victim-app-6f664c9b59-qf8cj,0
2026-06-20 14:10:09,victim-app-6f664c9b59-qf8cj,0
2026-06-20 14:10:24,victim-app-6f664c9b59-qf8cj,0
2026-06-20 14:10:39,victim-app-6f664c9b59-qf8cj,0
2026-06-20 14:10:54,victim-app-6f664c9b59-qf8cj,0
2026-06-20 14:11:09,victim-app-6f664c9b59-qf8cj,0
2026-06-20 14:11:24,victim-app-6f664c9b59-qf8cj,0
2026-06-20 14:11:39,victim-app-6f664c9b59-qf8cj,0
2026-06-20 14:11:54,victim-app-6f664c9b59-qf8cj,0
2026-06-20 14:12:09,victim-app-6f664c9b59-qf8cj,0
2026-06-20 14:12:24,victim-app-6f664c9b59-qf8cj,0
2026-06-20 14:12:39,victim-app-6f664c9b59-qf8cj,0
2026-06-20 14:12:54,victim-app-6f664c9b59-qf8cj,0
2026-06-20 14:13:09,victim-app-6f664c9b59-qf8cj,0
2026-06-20 14:13:24,victim-app-6f664c9b59-qf8cj,0
2026-06-20 14:13:39,victim-app-6f664c9b59-qf8cj,0
2026-06-20 14:13:54,victim-app-6f664c9b59-qf8cj,0
2026-06-20 14:14:09,victim-app-6f664c9b59-qf8cj,0
2026-06-20 14:14:24,victim-app-6f664c9b59-qf8cj,0
2026-06-20 14:14:39,victim-app-6f664c9b59-qf8cj,0
2026-06-20 14:14:54,victim-app-6f664c9b59-qf8cj,0
2026-06-20 14:15:09,victim-app-6f664c9b59-qf8cj,0
2026-06-20 14:15:24,victim-app-6f664c9b59-qf8cj,0
2026-06-20 14:15:39,victim-app-6f664c9b59-qf8cj,0
2026-06-20 14:15:54,victim-app-6f664c9b59-qf8cj,0
2026-06-20 14:16:09,victim-app-6f664c9b59-qf8cj,0
2026-06-20 14:16:24,victim-app-6f664c9b59-qf8cj,0
2026-06-20 14:16:39,victim-app-6f664c9b59-qf8cj,0
2026-06-20 14:16:54,victim-app-6f664c9b59-qf8cj,0
2026-06-20 14:17:09,victim-app-6f664c9b59-qf8cj,0
2026-06-20 14:17:24,victim-app-6f664c9b59-qf8cj,0
2026-06-20 14:17:39,victim-app-6f664c9b59-qf8cj,0
2026-06-20 14:17:54,victim-app-6f664c9b59-qf8cj,0
2026-06-20 14:18:09,victim-app-6f664c9b59-qf8cj,0
2026-06-20 14:18:24,victim-app-6f664c9b59-qf8cj,0
2026-06-20 14:18:39,victim-app-6f664c9b59-qf8cj,0
2026-06-20 14:18:54,victim-app-6f664c9b59-qf8cj,0
2026-06-20 14:19:09,victim-app-6f664c9b59-qf8cj,0
2026-06-20 14:19:24,victim-app-6f664c9b59-qf8cj,0
2026-06-20 14:19:39,victim-app-6f664c9b59-qf8cj,0
2026-06-20 14:19:54,victim-app-6f664c9b59-qf8cj,0
2026-06-20 14:20:09,victim-app-6f664c9b59-qf8cj,0
2026-06-20 14:20:24,victim-app-6f664c9b59-qf8cj,0
2026-06-20 14:20:39,victim-app-6f664c9b59-qf8cj,0
2026-06-20 14:20:54,victim-app-6f664c9b59-qf8cj,0
2026-06-20 14:21:09,victim-app-6f664c9b59-qf8cj,0
2026-06-20 14:21:24,victim-app-6f664c9b59-qf8cj,0
2026-06-20 14:21:39,victim-app-6f664c9b59-qf8cj,0
2026-06-20 14:21:54,victim-app-6f664c9b59-qf8cj,0
2026-06-20 14:22:09,victim-app-6f664c9b59-qf8cj,0
2026-06-20 14:22:24,victim-app-6f664c9b59-qf8cj,0
2026-06-20 14:22:39,victim-app-6f664c9b59-qf8cj,0
2026-06-20 14:22:54,victim-app-6f664c9b59-qf8cj,0
2026-06-20 14:23:09,victim-app-6f664c9b59-qf8cj,0
2026-06-20 14:23:24,victim-app-6f664c9b59-qf8cj,0
2026-06-20 14:23:39,victim-app-6f664c9b59-qf8cj,0
2026-06-20 14:23:54,victim-app-6f664c9b59-qf8cj,0
2026-06-20 14:24:09,victim-app-6f664c9b59-qf8cj,0
2026-06-20 14:24:24,victim-app-6f664c9b59-qf8cj,0
2026-06-20 14:24:39,victim-app-6f664c9b59-qf8cj,0
2026-06-20 14:24:54,victim-app-6f664c9b59-qf8cj,0
2026-06-20 14:25:09,victim-app-6f664c9b59-qf8cj,0
2026-06-20 14:25:24,victim-app-6f664c9b59-qf8cj,0
2026-06-20 14:25:39,victim-app-6f664c9b59-qf8cj,0
2026-06-20 14:25:54,victim-app-6f664c9b59-qf8cj,0
2026-06-20 14:26:09,victim-app-6f664c9b59-qf8cj,0
2026-06-20 14:26:24,victim-app-6f664c9b59-qf8cj,0
2026-06-20 14:26:39,victim-app-6f664c9b59-qf8cj,0
2026-06-20 14:26:54,victim-app-6f664c9b59-qf8cj,0
2026-06-20 14:27:09,victim-app-6f664c9b59-qf8cj,0
2026-06-20 14:27:24,victim-app-6f664c9b59-qf8cj,0
2026-06-20 14:27:39,victim-app-6f664c9b59-qf8cj,0
2026-06-20 14:27:54,victim-app-6f664c9b59-qf8cj,0
2026-06-20 14:28:09,victim-app-6f664c9b59-qf8cj,0
2026-06-20 14:28:24,victim-app-6f664c9b59-qf8cj,0
2026-06-20 14:28:39,victim-app-6f664c9b59-qf8cj,0
2026-06-20 14:28:54,victim-app-6f664c9b59-qf8cj,0
2026-06-20 14:29:09,victim-app-6f664c9b59-qf8cj,0
2026-06-20 14:29:24,victim-app-6f664c9b59-qf8cj,0
2026-06-20 14:29:39,victim-app-6f664c9b59-qf8cj,0
2026-06-20 14:29:54,victim-app-6f664c9b59-qf8cj,0
2026-06-20 14:30:09,victim-app-6f664c9b59-qf8cj,0
2026-06-20 14:30:24,victim-app-6f664c9b59-qf8cj,0
2026-06-20 14:30:39,victim-app-6f664c9b59-qf8cj,0
2026-06-20 14:30:54,victim-app-6f664c9b59-qf8cj,0
2026-06-20 14:31:09,victim-app-6f664c9b59-qf8cj,0
2026-06-20 14:31:24,victim-app-6f664c9b59-qf8cj,0
2026-06-20 14:31:39,victim-app-6f664c9b59-qf8cj,0
2026-06-20 14:31:54,victim-app-6f664c9b59-qf8cj,0
2026-06-20 14:32:09,victim-app-6f664c9b59-qf8cj,0
2026-06-20 14:32:24,victim-app-6f664c9b59-qf8cj,0
2026-06-20 14:32:39,victim-app-6f664c9b59-qf8cj,0
2026-06-20 14:32:54,victim-app-6f664c9b59-qf8cj,0
2026-06-20 14:33:09,victim-app-6f664c9b59-qf8cj,0
2026-06-20 14:33:24,victim-app-6f664c9b59-qf8cj,0
2026-06-20 14:33:39,victim-app-6f664c9b59-qf8cj,0
2026-06-20 14:33:54,victim-app-6f664c9b59-qf8cj,0
2026-06-20 14:34:09,victim-app-6f664c9b59-qf8cj,0
2026-06-20 14:34:24,victim-app-6f664c9b59-qf8cj,0
2026-06-20 14:34:39,victim-app-6f664c9b59-qf8cj,0
2026-06-20 14:34:54,victim-app-6f664c9b59-qf8cj,0
2026-06-20 14:35:09,victim-app-6f664c9b59-qf8cj,0
2026-06-20 14:35:24,victim-app-6f664c9b59-qf8cj,0
2026-06-20 14:35:39,victim-app-6f664c9b59-qf8cj,0
2026-06-20 14:35:54,victim-app-6f664c9b59-qf8cj,0
2026-06-20 14:36:09,victim-app-6f664c9b59-qf8cj,0
2026-06-20 14:36:24,victim-app-6f664c9b59-qf8cj,0
2026-06-20 14:36:39,victim-app-6f664c9b59-qf8cj,0
2026-06-20 14:36:54,victim-app-6f664c9b59-qf8cj,0
2026-06-20 14:37:09,victim-app-6f664c9b59-qf8cj,0
2026-06-20 14:37:24,victim-app-6f664c9b59-qf8cj,0
2026-06-20 14:37:39,victim-app-6f664c9b59-qf8cj,0
2026-06-20 14:37:54,victim-app-6f664c9b59-qf8cj,0
2026-06-20 14:38:09,victim-app-6f664c9b59-qf8cj,0
2026-06-20 14:38:24,victim-app-6f664c9b59-qf8cj,0
2026-06-20 14:38:39,victim-app-6f664c9b59-qf8cj,0
2026-06-20 14:38:54,victim-app-6f664c9b59-qf8cj,0
2026-06-20 14:39:09,victim-app-6f664c9b59-qf8cj,0
2026-06-20 14:39:24,victim-app-6f664c9b59-qf8cj,0
2026-06-20 14:39:39,victim-app-6f664c9b59-qf8cj,0
2026-06-20 14:39:54,victim-app-6f664c9b59-qf8cj,0
2026-06-20 14:40:09,victim-app-6f664c9b59-qf8cj,0
2026-06-20 14:40:24,victim-app-6f664c9b59-qf8cj,0
2026-06-20 14:40:39,victim-app-6f664c9b59-qf8cj,0
2026-06-20 14:40:54,victim-app-6f664c9b59-qf8cj,0
2026-06-20 14:41:09,victim-app-6f664c9b59-qf8cj,0
2026-06-20 14:41:24,victim-app-6f664c9b59-qf8cj,0
2026-06-20 14:41:39,victim-app-6f664c9b59-qf8cj,0
2026-06-20 14:41:54,victim-app-6f664c9b59-qf8cj,0
2026-06-20 14:42:09,victim-app-6f664c9b59-qf8cj,0
2026-06-20 14:42:24,victim-app-6f664c9b59-qf8cj,0
2026-06-20 14:42:39,victim-app-6f664c9b59-qf8cj,0
2026-06-20 14:42:54,victim-app-6f664c9b59-qf8cj,0
2026-06-20 14:43:09,victim-app-6f664c9b59-qf8cj,0
2026-06-20 14:43:24,victim-app-6f664c9b59-qf8cj,0
2026-06-20 14:43:39,victim-app-6f664c9b59-qf8cj,0
2026-06-20 14:43:54,victim-app-6f664c9b59-qf8cj,0
2026-06-20 14:44:09,victim-app-6f664c9b59-qf8cj,0
2026-06-20 14:44:24,victim-app-6f664c9b59-qf8cj,0
2026-06-20 14:44:39,victim-app-6f664c9b59-qf8cj,0
2026-06-20 14:44:54,victim-app-6f664c9b59-qf8cj,0
2026-06-20 14:45:09,victim-app-6f664c9b59-qf8cj,0
2026-06-20 14:45:24,victim-app-6f664c9b59-qf8cj,0
2026-06-20 14:45:39,victim-app-6f664c9b59-qf8cj,0
2026-06-20 14:45:54,victim-app-6f664c9b59-qf8cj,0
2026-06-20 14:46:09,victim-app-6f664c9b59-qf8cj,0
2026-06-20 14:46:24,victim-app-6f664c9b59-qf8cj,0
2026-06-20 14:46:39,victim-app-6f664c9b59-qf8cj,0
2026-06-20 14:46:54,victim-app-6f664c9b59-qf8cj,0
2026-06-20 14:47:09,victim-app-6f664c9b59-qf8cj,0
2026-06-20 14:47:24,victim-app-6f664c9b59-qf8cj,0
2026-06-20 14:47:39,victim-app-6f664c9b59-qf8cj,0
2026-06-20 14:47:54,victim-app-6f664c9b59-qf8cj,0
2026-06-20 14:48:09,victim-app-6f664c9b59-qf8cj,0
2026-06-20 14:48:24,victim-app-6f664c9b59-qf8cj,0
2026-06-20 14:48:39,victim-app-6f664c9b59-qf8cj,0
2026-06-20 14:48:54,victim-app-6f664c9b59-qf8cj,0
2026-06-20 14:49:09,victim-app-6f664c9b59-qf8cj,0
2026-06-20 14:49:24,victim-app-6f664c9b59-qf8cj,0
2026-06-20 14:49:39,victim-app-6f664c9b59-qf8cj,0
2026-06-20 14:49:54,victim-app-6f664c9b59-qf8cj,0
2026-06-20 14:50:09,victim-app-6f664c9b59-qf8cj,0
2026-06-20 14:50:24,victim-app-6f664c9b59-qf8cj,0
2026-06-20 14:50:39,victim-app-6f664c9b59-qf8cj,0
2026-06-20 14:50:54,victim-app-6f664c9b59-qf8cj,0
2026-06-20 14:51:09,victim-app-6f664c9b59-qf8cj,0
2026-06-20 14:51:24,victim-app-6f664c9b59-qf8cj,0
2026-06-20 14:51:39,victim-app-6f664c9b59-qf8cj,0
2026-06-20 14:51:54,victim-app-6f664c9b59-qf8cj,0
2026-06-20 14:52:09,victim-app-6f664c9b59-qf8cj,0
2026-06-20 14:52:24,victim-app-6f664c9b59-qf8cj,0
2026-06-20 14:52:39,victim-app-6f664c9b59-qf8cj,0
2026-06-20 14:52:54,victim-app-6f664c9b59-qf8cj,0
2026-06-20 14:53:09,victim-app-6f664c9b59-qf8cj,0
2026-06-20 14:53:24,victim-app-6f664c9b59-qf8cj,0
2026-06-20 14:53:39,victim-app-6f664c9b59-qf8cj,0
2026-06-20 14:53:54,victim-app-6f664c9b59-qf8cj,0
2026-06-20 14:54:09,victim-app-6f664c9b59-qf8cj,0
2026-06-20 14:54:24,victim-app-6f664c9b59-qf8cj,0
2026-06-20 14:54:39,victim-app-6f664c9b59-qf8cj,0
2026-06-20 14:54:54,victim-app-6f664c9b59-qf8cj,0
2026-06-20 14:55:09,victim-app-6f664c9b59-qf8cj,0
2026-06-20 14:55:24,victim-app-6f664c9b59-qf8cj,0
2026-06-20 14:55:39,victim-app-6f664c9b59-qf8cj,0
2026-06-20 14:55:54,victim-app-6f664c9b59-qf8cj,0
2026-06-20 14:56:09,victim-app-6f664c9b59-qf8cj,0
2026-06-20 14:56:24,victim-app-6f664c9b59-qf8cj,0
2026-06-20 14:56:39,victim-app-6f664c9b59-qf8cj,0
2026-06-20 14:56:54,victim-app-6f664c9b59-qf8cj,0
2026-06-20 14:57:09,victim-app-6f664c9b59-qf8cj,0
2026-06-20 14:57:24,victim-app-6f664c9b59-qf8cj,0
2026-06-20 14:57:39,victim-app-6f664c9b59-qf8cj,0
2026-06-20 14:57:54,victim-app-6f664c9b59-qf8cj,0
2026-06-20 14:58:09,victim-app-6f664c9b59-qf8cj,0
2026-06-20 14:58:24,victim-app-6f664c9b59-qf8cj,0
2026-06-20 14:58:39,victim-app-6f664c9b59-qf8cj,0
2026-06-20 14:58:54,victim-app-6f664c9b59-qf8cj,0
2026-06-20 14:59:09,victim-app-6f664c9b59-qf8cj,0
2026-06-20 14:59:24,victim-app-6f664c9b59-qf8cj,0
2026-06-20 14:59:39,victim-app-6f664c9b59-qf8cj,0
2026-06-20 14:59:54,victim-app-6f664c9b59-qf8cj,0
2026-06-20 15:00:09,victim-app-6f664c9b59-qf8cj,0
2026-06-20 15:00:24,victim-app-6f664c9b59-qf8cj,0
2026-06-20 15:00:39,victim-app-6f664c9b59-qf8cj,0
2026-06-20 15:00:54,victim-app-6f664c9b59-qf8cj,0
2026-06-20 15:01:09,victim-app-6f664c9b59-qf8cj,0
2026-06-20 15:01:24,victim-app-6f664c9b59-qf8cj,0
2026-06-20 15:01:39,victim-app-6f664c9b59-qf8cj,0
2026-06-20 15:01:54,victim-app-6f664c9b59-qf8cj,0
2026-06-20 15:02:09,victim-app-6f664c9b59-qf8cj,0
2026-06-20 15:02:24,victim-app-6f664c9b59-qf8cj,0
2026-06-20 15:02:39,victim-app-6f664c9b59-qf8cj,0
2026-06-20 15:02:54,victim-app-6f664c9b59-qf8cj,0
2026-06-20 15:03:09,victim-app-6f664c9b59-qf8cj,0
2026-06-20 15:03:24,victim-app-6f664c9b59-qf8cj,0
2026-06-20 15:03:39,victim-app-6f664c9b59-qf8cj,0
2026-06-20 15:03:54,victim-app-6f664c9b59-qf8cj,0
2026-06-20 15:04:09,victim-app-6f664c9b59-qf8cj,0
2026-06-20 15:04:24,victim-app-6f664c9b59-qf8cj,0
2026-06-20 15:04:39,victim-app-6f664c9b59-qf8cj,0
2026-06-20 15:04:54,victim-app-6f664c9b59-qf8cj,0
2026-06-20 15:05:09,victim-app-6f664c9b59-qf8cj,0
2026-06-20 15:05:24,victim-app-6f664c9b59-qf8cj,0
2026-06-20 15:05:39,victim-app-6f664c9b59-qf8cj,0
2026-06-20 15:05:54,victim-app-6f664c9b59-qf8cj,0
2026-06-20 15:06:09,victim-app-6f664c9b59-qf8cj,0
2026-06-20 15:06:24,victim-app-6f664c9b59-qf8cj,0
2026-06-20 15:06:39,victim-app-6f664c9b59-qf8cj,0
2026-06-20 15:06:54,victim-app-6f664c9b59-qf8cj,0
2026-06-20 15:07:09,victim-app-6f664c9b59-qf8cj,0
2026-06-20 15:07:24,victim-app-6f664c9b59-qf8cj,0
2026-06-20 15:07:39,victim-app-6f664c9b59-qf8cj,0
2026-06-20 15:07:54,victim-app-6f664c9b59-qf8cj,0
2026-06-20 15:08:09,victim-app-6f664c9b59-qf8cj,0
2026-06-20 15:08:24,victim-app-6f664c9b59-qf8cj,0
2026-06-20 15:08:39,victim-app-6f664c9b59-qf8cj,0
2026-06-20 15:08:54,victim-app-6f664c9b59-qf8cj,0
2026-06-20 15:09:09,victim-app-6f664c9b59-qf8cj,0
2026-06-20 15:09:24,victim-app-6f664c9b59-qf8cj,0
2026-06-20 15:09:39,victim-app-6f664c9b59-qf8cj,0
2026-06-20 15:09:54,victim-app-6f664c9b59-qf8cj,0
2026-06-20 15:10:09,victim-app-6f664c9b59-qf8cj,0
2026-06-20 15:10:24,victim-app-6f664c9b59-qf8cj,0
2026-06-20 15:10:39,victim-app-6f664c9b59-qf8cj,0
2026-06-20 15:10:54,victim-app-6f664c9b59-qf8cj,0
2026-06-20 15:11:09,victim-app-6f664c9b59-qf8cj,0
2026-06-20 15:11:24,victim-app-6f664c9b59-qf8cj,0
2026-06-20 15:11:39,victim-app-6f664c9b59-qf8cj,0
2026-06-20 15:11:54,victim-app-6f664c9b59-qf8cj,0
2026-06-20 15:12:09,victim-app-6f664c9b59-qf8cj,0
2026-06-20 15:12:24,victim-app-6f664c9b59-qf8cj,0
2026-06-20 15:12:39,victim-app-6f664c9b59-qf8cj,0
2026-06-20 15:12:54,victim-app-6f664c9b59-qf8cj,0
2026-06-20 15:13:09,victim-app-6f664c9b59-qf8cj,0
2026-06-20 15:13:24,victim-app-6f664c9b59-qf8cj,0
2026-06-20 15:13:39,victim-app-6f664c9b59-qf8cj,0
2026-06-20 15:13:54,victim-app-6f664c9b59-qf8cj,0
2026-06-20 15:14:09,victim-app-6f664c9b59-qf8cj,0
2026-06-20 15:14:24,victim-app-6f664c9b59-qf8cj,0
2026-06-20 15:14:39,victim-app-6f664c9b59-qf8cj,0
2026-06-20 15:14:54,victim-app-6f664c9b59-qf8cj,0
2026-06-20 15:15:09,victim-app-6f664c9b59-qf8cj,0
2026-06-20 15:15:24,victim-app-6f664c9b59-qf8cj,0
2026-06-20 15:15:39,victim-app-6f664c9b59-qf8cj,0
2026-06-20 15:15:54,victim-app-6f664c9b59-qf8cj,0
2026-06-20 15:16:09,victim-app-6f664c9b59-qf8cj,0
2026-06-20 15:16:24,victim-app-6f664c9b59-qf8cj,0
2026-06-20 15:16:39,victim-app-6f664c9b59-qf8cj,0
2026-06-20 15:16:54,victim-app-6f664c9b59-qf8cj,0
2026-06-20 15:17:09,victim-app-6f664c9b59-qf8cj,0
2026-06-20 15:17:24,victim-app-6f664c9b59-qf8cj,0
2026-06-20 15:17:39,victim-app-6f664c9b59-qf8cj,0
2026-06-20 15:17:54,victim-app-6f664c9b59-qf8cj,0
2026-06-20 15:18:09,victim-app-6f664c9b59-qf8cj,0
2026-06-20 15:18:24,victim-app-6f664c9b59-qf8cj,0
2026-06-20 15:18:39,victim-app-6f664c9b59-qf8cj,0
2026-06-20 15:18:54,victim-app-6f664c9b59-qf8cj,0
2026-06-20 15:19:09,victim-app-6f664c9b59-qf8cj,0
2026-06-20 15:19:24,victim-app-6f664c9b59-qf8cj,0
2026-06-20 15:19:39,victim-app-6f664c9b59-qf8cj,0
2026-06-20 15:19:54,victim-app-6f664c9b59-qf8cj,0
2026-06-20 15:20:09,victim-app-6f664c9b59-qf8cj,0
2026-06-20 15:20:24,victim-app-6f664c9b59-qf8cj,0
2026-06-20 15:20:39,victim-app-6f664c9b59-qf8cj,0
2026-06-20 15:20:54,victim-app-6f664c9b59-qf8cj,0
2026-06-20 15:21:09,victim-app-6f664c9b59-qf8cj,0
2026-06-20 15:21:24,victim-app-6f664c9b59-qf8cj,0
2026-06-20 15:21:39,victim-app-6f664c9b59-qf8cj,0
2026-06-20 15:21:54,victim-app-6f664c9b59-qf8cj,0
2026-06-20 15:22:09,victim-app-6f664c9b59-qf8cj,0
2026-06-20 15:22:24,victim-app-6f664c9b59-qf8cj,0
2026-06-20 15:22:39,victim-app-6f664c9b59-qf8cj,0
2026-06-20 15:22:54,victim-app-6f664c9b59-qf8cj,0
2026-06-20 15:23:09,victim-app-6f664c9b59-qf8cj,0
2026-06-20 15:23:24,victim-app-6f664c9b59-qf8cj,0
2026-06-20 15:23:39,victim-app-6f664c9b59-qf8cj,0
2026-06-20 15:23:54,victim-app-6f664c9b59-qf8cj,0
2026-06-20 15:24:09,victim-app-6f664c9b59-qf8cj,0
2026-06-20 15:24:24,victim-app-6f664c9b59-qf8cj,0
2026-06-20 15:24:39,victim-app-6f664c9b59-qf8cj,0
2026-06-20 15:24:54,victim-app-6f664c9b59-qf8cj,0
2026-06-20 15:25:09,victim-app-6f664c9b59-qf8cj,0
2026-06-20 15:25:24,victim-app-6f664c9b59-qf8cj,0
2026-06-20 15:25:39,victim-app-6f664c9b59-qf8cj,0
2026-06-20 15:25:54,victim-app-6f664c9b59-qf8cj,0
2026-06-20 15:26:09,victim-app-6f664c9b59-qf8cj,0
2026-06-20 15:26:24,victim-app-6f664c9b59-qf8cj,0
2026-06-20 15:26:39,victim-app-6f664c9b59-qf8cj,0
2026-06-20 15:26:54,victim-app-6f664c9b59-qf8cj,0
2026-06-20 15:27:09,victim-app-6f664c9b59-qf8cj,0
2026-06-20 15:27:24,victim-app-6f664c9b59-qf8cj,0
2026-06-20 15:27:39,victim-app-6f664c9b59-qf8cj,0
2026-06-20 15:27:54,victim-app-6f664c9b59-qf8cj,0
2026-06-20 15:28:09,victim-app-6f664c9b59-qf8cj,1
2026-06-20 15:28:24,victim-app-6f664c9b59-qf8cj,1
2026-06-20 15:28:39,victim-app-6f664c9b59-qf8cj,1
2026-06-20 15:28:54,victim-app-6f664c9b59-qf8cj,1
2026-06-20 15:29:09,victim-app-6f664c9b59-qf8cj,1
2026-06-20 15:29:24,victim-app-6f664c9b59-qf8cj,1
2026-06-20 15:29:39,victim-app-6f664c9b59-qf8cj,1
2026-06-20 15:29:54,victim-app-6f664c9b59-qf8cj,1
2026-06-20 15:30:09,victim-app-6f664c9b59-qf8cj,1
2026-06-20 15:30:24,victim-app-6f664c9b59-qf8cj,1
2026-06-20 15:30:39,victim-app-6f664c9b59-qf8cj,1
2026-06-20 15:30:54,victim-app-6f664c9b59-qf8cj,1
2026-06-20 15:31:09,victim-app-6f664c9b59-qf8cj,1
2026-06-20 15:31:24,victim-app-6f664c9b59-qf8cj,1
2026-06-20 15:31:39,victim-app-6f664c9b59-qf8cj,1
2026-06-20 15:31:54,victim-app-6f664c9b59-qf8cj,1
2026-06-20 15:32:09,victim-app-6f664c9b59-qf8cj,1
2026-06-20 15:32:24,victim-app-6f664c9b59-qf8cj,1
2026-06-20 15:32:39,victim-app-6f664c9b59-qf8cj,1
2026-06-20 15:32:54,victim-app-6f664c9b59-qf8cj,1
2026-06-20 15:33:09,victim-app-6f664c9b59-qf8cj,1
2026-06-20 15:33:24,victim-app-6f664c9b59-qf8cj,1
2026-06-20 15:33:39,victim-app-6f664c9b59-qf8cj,1
2026-06-20 15:33:54,victim-app-6f664c9b59-qf8cj,1
2026-06-20 15:34:09,victim-app-6f664c9b59-qf8cj,1
2026-06-20 15:34:24,victim-app-6f664c9b59-qf8cj,1
2026-06-20 15:34:39,victim-app-6f664c9b59-qf8cj,1
2026-06-20 15:34:54,victim-app-6f664c9b59-qf8cj,1
2026-06-20 15:35:09,victim-app-6f664c9b59-qf8cj,1
2026-06-20 15:35:24,victim-app-6f664c9b59-qf8cj,1
2026-06-20 15:35:39,victim-app-6f664c9b59-qf8cj,1
2026-06-20 15:35:54,victim-app-6f664c9b59-qf8cj,1
2026-06-20 15:36:09,victim-app-6f664c9b59-qf8cj,1
2026-06-20 15:36:24,victim-app-6f664c9b59-qf8cj,1
2026-06-20 15:36:39,victim-app-6f664c9b59-qf8cj,1
2026-06-20 15:36:54,victim-app-6f664c9b59-qf8cj,1
2026-06-20 15:37:09,victim-app-6f664c9b59-qf8cj,1
2026-06-20 15:37:24,victim-app-6f664c9b59-qf8cj,1
2026-06-20 15:37:39,victim-app-6f664c9b59-qf8cj,1
2026-06-20 15:37:54,victim-app-6f664c9b59-qf8cj,1
2026-06-20 15:38:09,victim-app-6f664c9b59-qf8cj,1
2026-06-20 15:38:24,victim-app-6f664c9b59-qf8cj,1
2026-06-20 15:38:39,victim-app-6f664c9b59-qf8cj,1
2026-06-20 15:38:54,victim-app-6f664c9b59-qf8cj,1
2026-06-20 15:39:09,victim-app-6f664c9b59-qf8cj,1
2026-06-20 15:39:24,victim-app-6f664c9b59-qf8cj,1
2026-06-20 15:39:39,victim-app-6f664c9b59-qf8cj,1
2026-06-20 15:39:54,victim-app-6f664c9b59-qf8cj,1
2026-06-20 15:40:09,victim-app-6f664c9b59-qf8cj,1
2026-06-20 15:40:24,victim-app-6f664c9b59-qf8cj,1
2026-06-20 15:40:39,victim-app-6f664c9b59-qf8cj,1
2026-06-20 15:40:54,victim-app-6f664c9b59-qf8cj,1
2026-06-20 15:41:09,victim-app-6f664c9b59-qf8cj,1
2026-06-20 15:41:24,victim-app-6f664c9b59-qf8cj,1
2026-06-20 15:41:39,victim-app-6f664c9b59-qf8cj,1
2026-06-20 15:41:54,victim-app-6f664c9b59-qf8cj,1
2026-06-20 15:42:09,victim-app-6f664c9b59-qf8cj,1
2026-06-20 15:42:24,victim-app-6f664c9b59-qf8cj,1
2026-06-20 15:42:39,victim-app-6f664c9b59-qf8cj,1
2026-06-20 15:42:54,victim-app-6f664c9b59-qf8cj,1
2026-06-20 15:43:09,victim-app-6f664c9b59-qf8cj,1
2026-06-20 15:43:24,victim-app-6f664c9b59-qf8cj,1
2026-06-20 15:43:39,victim-app-6f664c9b59-qf8cj,1
2026-06-20 15:43:54,victim-app-6f664c9b59-qf8cj,1
2026-06-20 15:44:09,victim-app-6f664c9b59-qf8cj,1
2026-06-20 15:44:24,victim-app-6f664c9b59-qf8cj,1
2026-06-20 15:44:39,victim-app-6f664c9b59-qf8cj,1
2026-06-20 15:44:54,victim-app-6f664c9b59-qf8cj,1
2026-06-20 15:45:09,victim-app-6f664c9b59-qf8cj,1
2026-06-20 15:45:24,victim-app-6f664c9b59-qf8cj,1
2026-06-20 15:45:39,victim-app-6f664c9b59-qf8cj,1
2026-06-20 15:45:54,victim-app-6f664c9b59-qf8cj,1
